<?xml version="1.0" encoding="UTF-8" standalone="no"?>
<manifest xmlns="http://tizen.org/ns/packages" api-version="5.0" package="org.example.salahtrack" version="1.0.0">
    <author email="i180571@nu.edu.pk">mahnoor</author>
    <profile name="wearable"/>
    <ui-application appid="org.example.salahtrack" exec="salahtrack" multiple="false" nodisplay="false" taskmanage="true" type="capp">
        <label>salahtrack</label>
        <icon>salahtrack.png</icon>
        <datacontrol access="ReadWrite" providerid="http://salahtrack.com/datacontrol/provider/salahtrack" type="Sql"/>
        <datacontrol access="ReadWrite" providerid="http://salahtrack.com/datacontrol/provider/salahtrack" type="Map"/>
    </ui-application>
    <privileges>
        <privilege>http://tizen.org/privilege/mediastorage</privilege>
        <privilege>http://tizen.org/privilege/network.get</privilege>
        <privilege>http://tizen.org/privilege/healthinfo</privilege>
        <privilege>http://tizen.org/privilege/appmanager.launch</privilege>
        <privilege>http://tizen.org/privilege/contact.read</privilege>
        <privilege>http://tizen.org/privilege/email</privilege>
        <privilege>http://tizen.org/privilege/internet</privilege>
        <privilege>http://tizen.org/privilege/datasharing</privilege>
        <privilege>http://tizen.org/privilege/packagemanager.info</privilege>
    </privileges>
</manifest>
