{
  "project_info": {
    "project_number": "1018190899923",
    "project_id": "salahtrack-9b9ce",
    "storage_bucket": "salahtrack-9b9ce.appspot.com"
  },
  "client": [
    {
      "client_info": {
        "mobilesdk_app_id": "1:1018190899923:android:c59ee5e70b88587c638226",
        "android_client_info": {
          "package_name": "com.samsung.tizen"
        }
      },
      "oauth_client": [
        {
          "client_id": "1018190899923-hav4tacbl4ochncek9i08bk75e006n09.apps.googleusercontent.com",
          "client_type": 3
        }
      ],
      "api_key": [
        {
          "current_key": "AIzaSyDJBB2L8-mhMhU5oOk67jk2jj1OgdHu1Yk"
        }
      ],
      "services": {
        "appinvite_service": {
          "other_platform_oauth_client": [
            {
              "client_id": "1018190899923-hav4tacbl4ochncek9i08bk75e006n09.apps.googleusercontent.com",
              "client_type": 3
            }
          ]
        }
      }
    }
  ],
  "configuration_version": "1"
}