 2021-11-19 12:24:12:636,Takbir
 2021-11-19 12:24:12:835,Takbir
 2021-11-19 12:24:12:935,Takbir
 2021-11-19 12:24:13:034,Takbir
 2021-11-19 12:24:13:134,Takbir
 2021-11-19 12:24:13:233,Takbir
 2021-11-19 12:24:13:333,Takbir
 2021-11-19 12:24:13:432,Takbir
 2021-11-19 12:24:13:532,Takbir
 2021-11-19 12:24:13:631,Takbir
 2021-11-19 12:24:13:731,Takbir
 2021-11-19 12:24:13:731,Qayam
 2021-11-19 12:24:13:931,Qayam
 2021-11-19 12:24:14:032,Qayam
 2021-11-19 12:24:14:130,Qayam
 2021-11-19 12:24:14:229,Qayam
 2021-11-19 12:24:14:331,Qayam
 2021-11-19 12:24:14:428,Qayam
 2021-11-19 12:24:14:527,Qayam
 2021-11-19 12:24:14:627,Qayam
 2021-11-19 12:24:14:726,Qayam
 2021-11-19 12:24:14:826,Qayam
 2021-11-19 12:24:14:927,Qayam
 2021-11-19 12:24:15:027,Qayam
 2021-11-19 12:24:15:124,Qayam
 2021-11-19 12:24:15:225,Qayam
 2021-11-19 12:24:15:324,Qayam
 2021-11-19 12:24:15:425,Qayam
 2021-11-19 12:24:15:524,Qayam
 2021-11-19 12:24:15:623,Qayam
 2021-11-19 12:24:15:723,Qayam
 2021-11-19 12:24:15:823,Qayam
 2021-11-19 12:24:15:922,Qayam
 2021-11-19 12:24:16:021,Qayam
 2021-11-19 12:24:16:122,Qayam
 2021-11-19 12:24:16:220,Qayam
 2021-11-19 12:24:16:320,Qayam
 2021-11-19 12:24:16:420,Qayam
 2021-11-19 12:24:16:520,Qayam
 2021-11-19 12:24:16:620,Qayam
 2021-11-19 12:24:16:719,Qayam
 2021-11-19 12:24:16:818,Qayam
 2021-11-19 12:24:16:918,Qayam
 2021-11-19 12:24:17:018,Qayam
 2021-11-19 12:24:17:117,Qayam
 2021-11-19 12:24:17:216,Qayam
 2021-11-19 12:24:17:316,Qayam
 2021-11-19 12:24:17:415,Qayam
 2021-11-19 12:24:17:515,Qayam
 2021-11-19 12:24:17:622,Qayam
 2021-11-19 12:24:17:715,Qayam
 2021-11-19 12:24:17:813,Qayam
 2021-11-19 12:24:17:915,Qayam
 2021-11-19 12:24:18:013,Qayam
 2021-11-19 12:24:18:112,Qayam
 2021-11-19 12:24:18:212,Qayam
 2021-11-19 12:24:18:312,Qayam
 2021-11-19 12:24:18:411,Qayam
 2021-11-19 12:24:18:511,Qayam
 2021-11-19 12:24:18:611,Qayam
 2021-11-19 12:24:18:711,Qayam
 2021-11-19 12:24:18:811,Qayam
 2021-11-19 12:24:18:910,Qayam
 2021-11-19 12:24:19:009,Qayam
 2021-11-19 12:24:19:109,Qayam
 2021-11-19 12:24:19:208,Qayam
 2021-11-19 12:24:19:308,Qayam
 2021-11-19 12:24:19:408,Qayam
 2021-11-19 12:24:19:507,Qayam
 2021-11-19 12:24:19:606,Qayam
 2021-11-19 12:24:19:706,Qayam
 2021-11-19 12:24:19:805,Qayam
 2021-11-19 12:24:19:905,Qayam
 2021-11-19 12:24:20:004,Qayam
 2021-11-19 12:24:20:104,Qayam
 2021-11-19 12:24:20:204,Qayam
 2021-11-19 12:24:20:303,Qayam
 2021-11-19 12:24:20:403,Qayam
 2021-11-19 12:24:20:502,Qayam
 2021-11-19 12:24:20:603,Qayam
 2021-11-19 12:24:20:702,Qayam
 2021-11-19 12:24:20:801,Qayam
 2021-11-19 12:24:20:901,Qayam
 2021-11-19 12:24:21:001,Qayam
 2021-11-19 12:24:21:100,Qayam
 2021-11-19 12:24:21:201,Qayam
 2021-11-19 12:24:21:300,Qayam
 2021-11-19 12:24:21:398,Qayam
 2021-11-19 12:24:21:498,Qayam
 2021-11-19 12:24:21:597,Qayam
 2021-11-19 12:24:21:696,Qayam
 2021-11-19 12:24:21:797,Qayam
 2021-11-19 12:24:21:896,Qayam
 2021-11-19 12:24:21:995,Qayam
 2021-11-19 12:24:22:096,Qayam
 2021-11-19 12:24:22:195,Qayam
 2021-11-19 12:24:22:294,Qayam
 2021-11-19 12:24:22:394,Qayam
 2021-11-19 12:24:22:493,Qayam
 2021-11-19 12:24:22:592,Qayam
 2021-11-19 12:24:22:693,Qayam
 2021-11-19 12:24:22:792,Qayam
 2021-11-19 12:24:22:897,Qayam
 2021-11-19 12:24:22:992,Qayam
 2021-11-19 12:24:23:091,Qayam
 2021-11-19 12:24:23:191,Qayam
 2021-11-19 12:24:23:291,Qayam
 2021-11-19 12:24:23:391,Qayam
 2021-11-19 12:24:23:490,Qayam
 2021-11-19 12:24:23:590,Qayam
 2021-11-19 12:24:23:688,Qayam
 2021-11-19 12:24:23:788,Qayam
 2021-11-19 12:24:23:891,Qayam
 2021-11-19 12:24:23:987,Qayam
 2021-11-19 12:24:24:087,Qayam
 2021-11-19 12:24:24:187,Qayam
 2021-11-19 12:24:24:286,Qayam
 2021-11-19 12:24:24:385,Qayam
 2021-11-19 12:24:24:489,Qayam
 2021-11-19 12:24:24:584,Qayam
 2021-11-19 12:24:24:684,Qayam
 2021-11-19 12:24:24:783,Qayam
 2021-11-19 12:24:24:892,Qayam
 2021-11-19 12:24:24:982,Qayam
 2021-11-19 12:24:25:082,Qayam
 2021-11-19 12:24:25:182,Qayam
 2021-11-19 12:24:25:281,Qayam
 2021-11-19 12:24:25:382,Qayam
 2021-11-19 12:24:25:481,Qayam
 2021-11-19 12:24:25:580,Qayam
 2021-11-19 12:24:25:682,Qayam
 2021-11-19 12:24:25:779,Qayam
 2021-11-19 12:24:25:893,Qayam
 2021-11-19 12:24:25:978,Qayam
 2021-11-19 12:24:26:078,Qayam
 2021-11-19 12:24:26:179,Qayam
 2021-11-19 12:24:26:277,Qayam
 2021-11-19 12:24:26:376,Qayam
 2021-11-19 12:24:26:475,Qayam
 2021-11-19 12:24:26:575,Qayam
 2021-11-19 12:24:26:674,Qayam
 2021-11-19 12:24:26:775,Qayam
 2021-11-19 12:24:26:894,Qayam
 2021-11-19 12:24:26:973,Qayam
 2021-11-19 12:24:27:073,Qayam
 2021-11-19 12:24:27:173,Qayam
 2021-11-19 12:24:27:272,Qayam
 2021-11-19 12:24:27:372,Qayam
 2021-11-19 12:24:27:472,Qayam
 2021-11-19 12:24:27:571,Qayam
 2021-11-19 12:24:27:672,Qayam
 2021-11-19 12:24:27:771,Qayam
 2021-11-19 12:24:27:907,Qayam
 2021-11-19 12:24:27:971,Qayam
 2021-11-19 12:24:28:071,Qayam
 2021-11-19 12:24:28:168,Qayam
 2021-11-19 12:24:28:268,Qayam
 2021-11-19 12:24:28:368,Qayam
 2021-11-19 12:24:28:467,Qayam
 2021-11-19 12:24:28:567,Qayam
 2021-11-19 12:24:28:667,Qayam
 2021-11-19 12:24:28:766,Qayam
 2021-11-19 12:24:28:891,Qayam
 2021-11-19 12:24:28:969,Qayam
 2021-11-19 12:24:29:066,Qayam
 2021-11-19 12:24:29:164,Qayam
 2021-11-19 12:24:29:264,Qayam
 2021-11-19 12:24:29:363,Qayam
 2021-11-19 12:24:29:463,Qayam
 2021-11-19 12:24:29:563,Qayam
 2021-11-19 12:24:29:662,Qayam
 2021-11-19 12:24:29:762,Qayam
 2021-11-19 12:24:29:862,Qayam
 2021-11-19 12:24:29:961,Qayam
 2021-11-19 12:24:30:060,Qayam
 2021-11-19 12:24:30:161,Qayam
 2021-11-19 12:24:30:260,Qayam
 2021-11-19 12:24:30:360,Qayam
 2021-11-19 12:24:30:459,Qayam
 2021-11-19 12:24:30:559,Qayam
 2021-11-19 12:24:30:658,Qayam
 2021-11-19 12:24:30:758,Qayam
 2021-11-19 12:24:30:857,Qayam
 2021-11-19 12:24:30:957,Qayam
 2021-11-19 12:24:31:057,Qayam
 2021-11-19 12:24:31:156,Qayam
 2021-11-19 12:24:31:256,Qayam
 2021-11-19 12:24:31:356,Qayam
 2021-11-19 12:24:31:455,Qayam
 2021-11-19 12:24:31:555,Qayam
 2021-11-19 12:24:31:655,Qayam
 2021-11-19 12:24:31:754,Qayam
 2021-11-19 12:24:31:853,Qayam
 2021-11-19 12:24:31:958,Qayam
 2021-11-19 12:24:32:052,Qayam
 2021-11-19 12:24:32:152,Qayam
 2021-11-19 12:24:32:252,Qayam
 2021-11-19 12:24:32:351,Qayam
 2021-11-19 12:24:32:451,Qayam
 2021-11-19 12:24:32:551,Qayam
 2021-11-19 12:24:32:650,Qayam
 2021-11-19 12:24:32:750,Qayam
 2021-11-19 12:24:32:849,Qayam
 2021-11-19 12:24:32:949,Qayam
 2021-11-19 12:24:33:063,Qayam
 2021-11-19 12:24:33:155,Qayam
 2021-11-19 12:24:33:254,Qayam
 2021-11-19 12:24:33:347,Qayam
 2021-11-19 12:24:33:446,Qayam
 2021-11-19 12:24:33:547,Qayam
 2021-11-19 12:24:33:645,Qayam
 2021-11-19 12:24:33:745,Qayam
 2021-11-19 12:24:33:845,Qayam
 2021-11-19 12:24:33:945,Qayam
 2021-11-19 12:24:34:044,Qayam
 2021-11-19 12:24:34:143,Qayam
 2021-11-19 12:24:34:243,Qayam
 2021-11-19 12:24:34:343,Qayam
 2021-11-19 12:24:34:442,Qayam
 2021-11-19 12:24:34:542,Qayam
 2021-11-19 12:24:34:642,Qayam
 2021-11-19 12:24:34:741,Qayam
 2021-11-19 12:24:34:841,Qayam
 2021-11-19 12:24:34:941,Qayam
 2021-11-19 12:24:35:040,Qayam
 2021-11-19 12:24:35:139,Qayam
 2021-11-19 12:24:35:239,Qayam
 2021-11-19 12:24:35:339,Qayam
 2021-11-19 12:24:35:438,Qayam
 2021-11-19 12:24:35:538,Qayam
 2021-11-19 12:24:35:538,Ruku
 2021-11-19 12:24:35:736,Ruku
 2021-11-19 12:24:35:837,Ruku
 2021-11-19 12:24:35:936,Ruku
 2021-11-19 12:24:36:036,Ruku
 2021-11-19 12:24:36:136,Ruku
 2021-11-19 12:24:36:235,Ruku
 2021-11-19 12:24:36:335,Ruku
 2021-11-19 12:24:36:435,Ruku
 2021-11-19 12:24:36:536,Ruku
 2021-11-19 12:24:36:640,Ruku
 2021-11-19 12:24:36:734,Ruku
 2021-11-19 12:24:36:833,Ruku
 2021-11-19 12:24:36:932,Ruku
 2021-11-19 12:24:37:034,Ruku
 2021-11-19 12:24:37:131,Ruku
 2021-11-19 12:24:37:231,Ruku
 2021-11-19 12:24:37:331,Ruku
 2021-11-19 12:24:37:430,Ruku
 2021-11-19 12:24:37:529,Ruku
 2021-11-19 12:24:37:630,Ruku
 2021-11-19 12:24:37:728,Ruku
 2021-11-19 12:24:37:828,Ruku
 2021-11-19 12:24:37:930,Ruku
 2021-11-19 12:24:38:027,Ruku
 2021-11-19 12:24:38:127,Ruku
 2021-11-19 12:24:38:226,Ruku
 2021-11-19 12:24:38:325,Ruku
 2021-11-19 12:24:38:425,Ruku
 2021-11-19 12:24:38:525,Ruku
 2021-11-19 12:24:38:624,Ruku
 2021-11-19 12:24:38:724,Ruku
 2021-11-19 12:24:38:824,Ruku
 2021-11-19 12:24:38:923,Ruku
 2021-11-19 12:24:39:023,Ruku
 2021-11-19 12:24:39:123,Ruku
 2021-11-19 12:24:39:222,Ruku
 2021-11-19 12:24:39:322,Ruku
 2021-11-19 12:24:39:422,Ruku
 2021-11-19 12:24:39:521,Ruku
 2021-11-19 12:24:39:620,Ruku
 2021-11-19 12:24:39:720,Ruku
 2021-11-19 12:24:39:819,Ruku
 2021-11-19 12:24:39:921,Qoum
 2021-11-19 12:24:40:022,Qoum
 2021-11-19 12:24:40:121,Qoum
 2021-11-19 12:24:40:217,Qoum
 2021-11-19 12:24:40:322,Qoum
 2021-11-19 12:24:40:417,Qoum
 2021-11-19 12:24:40:516,Qoum
 2021-11-19 12:24:40:616,Qoum
 2021-11-19 12:24:40:716,Qoum
 2021-11-19 12:24:40:815,Qoum
 2021-11-19 12:24:40:917,Qoum
 2021-11-19 12:24:41:015,Qoum
 2021-11-19 12:24:41:114,Qoum
 2021-11-19 12:24:41:214,Qoum
 2021-11-19 12:24:41:314,Qoum
 2021-11-19 12:24:41:416,Qoum
 2021-11-19 12:24:41:514,Qoum
 2021-11-19 12:24:41:613,Qoum
 2021-11-19 12:24:41:712,Qoum
 2021-11-19 12:24:41:812,Qoum
 2021-11-19 12:24:41:911,Qoum
 2021-11-19 12:24:42:011,Qoum
 2021-11-19 12:24:42:110,Qoum
 2021-11-19 12:24:42:210,Qoum
 2021-11-19 12:24:42:308,Qoum
 2021-11-19 12:24:42:408,Qoum
 2021-11-19 12:24:42:508,Qoum
 2021-11-19 12:24:42:608,Qoum
 2021-11-19 12:24:42:707,Qoum
 2021-11-19 12:24:42:806,Qoum
 2021-11-19 12:24:42:906,Qoum
 2021-11-19 12:24:43:006,Qoum
 2021-11-19 12:24:43:105,Qoum
 2021-11-19 12:24:43:205,Qoum
 2021-11-19 12:24:43:305,Qoum
 2021-11-19 12:24:43:404,Qoum
 2021-11-19 12:24:43:504,Qoum
 2021-11-19 12:24:43:604,Qoum
 2021-11-19 12:24:43:703,Qoum
 2021-11-19 12:24:43:803,Qoum
 2021-11-19 12:24:43:904,Sajda
 2021-11-19 12:24:44:003,Sajda
 2021-11-19 12:24:44:103,Sajda
 2021-11-19 12:24:44:202,Sajda
 2021-11-19 12:24:44:301,Sajda
 2021-11-19 12:24:44:401,Sajda
 2021-11-19 12:24:44:501,Sajda
 2021-11-19 12:24:44:600,Sajda
 2021-11-19 12:24:44:700,Sajda
 2021-11-19 12:24:44:799,Sajda
 2021-11-19 12:24:44:901,Sajda
 2021-11-19 12:24:44:998,Sajda
 2021-11-19 12:24:45:099,Sajda
 2021-11-19 12:24:45:197,Sajda
 2021-11-19 12:24:45:298,Sajda
 2021-11-19 12:24:45:397,Sajda
 2021-11-19 12:24:45:496,Sajda
 2021-11-19 12:24:45:596,Sajda
 2021-11-19 12:24:45:696,Sajda
 2021-11-19 12:24:45:796,Sajda
 2021-11-19 12:24:45:896,Sajda
 2021-11-19 12:24:45:995,Sajda
 2021-11-19 12:24:46:095,Sajda
 2021-11-19 12:24:46:194,Sajda
 2021-11-19 12:24:46:294,Sajda
 2021-11-19 12:24:46:393,Sajda
 2021-11-19 12:24:46:493,Sajda
 2021-11-19 12:24:46:593,Sajda
 2021-11-19 12:24:46:692,Sajda
 2021-11-19 12:24:46:792,Sajda
 2021-11-19 12:24:46:896,Sajda
 2021-11-19 12:24:46:990,Sajda
 2021-11-19 12:24:47:092,Sajda
 2021-11-19 12:24:47:191,Sajda
 2021-11-19 12:24:47:290,Sajda
 2021-11-19 12:24:47:388,Sajda
 2021-11-19 12:24:47:489,Sajda
 2021-11-19 12:24:47:588,Sajda
 2021-11-19 12:24:47:688,Sajda
 2021-11-19 12:24:47:788,Sajda
 2021-11-19 12:24:47:896,Sajda
 2021-11-19 12:24:47:987,Sajda
 2021-11-19 12:24:48:087,Sajda
 2021-11-19 12:24:48:186,Sajda
 2021-11-19 12:24:48:286,Sajda
 2021-11-19 12:24:48:388,Sajda
 2021-11-19 12:24:48:490,Sajda
 2021-11-19 12:24:48:585,Jalsa
 2021-11-19 12:24:48:685,Jalsa
 2021-11-19 12:24:48:784,Jalsa
 2021-11-19 12:24:48:892,Jalsa
 2021-11-19 12:24:48:983,Jalsa
 2021-11-19 12:24:49:082,Jalsa
 2021-11-19 12:24:49:183,Jalsa
 2021-11-19 12:24:49:282,Jalsa
 2021-11-19 12:24:49:380,Jalsa
 2021-11-19 12:24:49:481,Jalsa
 2021-11-19 12:24:49:580,Jalsa
 2021-11-19 12:24:49:679,Jalsa
 2021-11-19 12:24:49:779,Jalsa
 2021-11-19 12:24:49:895,Jalsa
 2021-11-19 12:24:49:979,Jalsa
 2021-11-19 12:24:50:078,Jalsa
 2021-11-19 12:24:50:178,Jalsa
 2021-11-19 12:24:50:278,Jalsa
 2021-11-19 12:24:50:378,Jalsa
 2021-11-19 12:24:50:477,Jalsa
 2021-11-19 12:24:50:577,Jalsa
 2021-11-19 12:24:50:676,Jalsa
 2021-11-19 12:24:50:776,Jalsa
 2021-11-19 12:24:50:895,Jalsa
 2021-11-19 12:24:50:975,Jalsa
 2021-11-19 12:24:51:074,Jalsa
 2021-11-19 12:24:51:174,Jalsa
 2021-11-19 12:24:51:273,Jalsa
 2021-11-19 12:24:51:373,Jalsa
 2021-11-19 12:24:51:472,Sajda
 2021-11-19 12:24:51:571,Sajda
 2021-11-19 12:24:51:676,Sajda
 2021-11-19 12:24:51:771,Sajda
 2021-11-19 12:24:51:900,Sajda
 2021-11-19 12:24:51:971,Sajda
 2021-11-19 12:24:52:070,Sajda
 2021-11-19 12:24:52:169,Sajda
 2021-11-19 12:24:52:269,Sajda
 2021-11-19 12:24:52:368,Sajda
 2021-11-19 12:24:52:468,Sajda
 2021-11-19 12:24:52:568,Sajda
 2021-11-19 12:24:52:669,Sajda
 2021-11-19 12:24:52:766,Sajda
 2021-11-19 12:24:52:884,Sajda
 2021-11-19 12:24:52:966,Sajda
 2021-11-19 12:24:53:065,Sajda
 2021-11-19 12:24:53:165,Sajda
 2021-11-19 12:24:53:264,Sajda
 2021-11-19 12:24:53:364,Sajda
 2021-11-19 12:24:53:464,Sajda
 2021-11-19 12:24:53:563,Sajda
 2021-11-19 12:24:53:662,Sajda
 2021-11-19 12:24:53:762,Sajda
 2021-11-19 12:24:53:861,Sajda
 2021-11-19 12:24:53:962,Sajda
 2021-11-19 12:24:54:061,Sajda
 2021-11-19 12:24:54:160,Sajda
 2021-11-19 12:24:54:260,Sajda
 2021-11-19 12:24:54:360,Sajda
 2021-11-19 12:24:54:460,Sajda
 2021-11-19 12:24:54:559,Sajda
 2021-11-19 12:24:54:662,Sajda
 2021-11-19 12:24:54:759,Sajda
 2021-11-19 12:24:54:858,Sajda
 2021-11-19 12:24:54:958,Sajda
 2021-11-19 12:24:55:058,Sajda
 2021-11-19 12:24:55:157,Sajda
 2021-11-19 12:24:55:258,Sajda
 2021-11-19 12:24:55:356,Sajda
 2021-11-19 12:24:55:456,Sajda
 2021-11-19 12:24:55:556,Sajda
 2021-11-19 12:24:55:655,Sajda
 2021-11-19 12:24:55:754,Sajda
 2021-11-19 12:24:55:854,Sajda
 2021-11-19 12:24:55:955,Sajda
 2021-11-19 12:24:56:052,Sajda
 2021-11-19 12:24:56:152,Sajda
 2021-11-19 12:24:56:252,Sajda
 2021-11-19 12:24:56:352,Sajda
 2021-11-19 12:24:56:451,Sajda
 2021-11-19 12:24:56:551,Sajda
 2021-11-19 12:24:56:650,Sajda
 2021-11-19 12:24:56:750,Sajda
 2021-11-19 12:24:56:849,Sajda
 2021-11-19 12:24:56:949,Sajda
 2021-11-19 12:24:57:049,Sajda
 2021-11-19 12:24:57:148,Sajda
 2021-11-19 12:24:57:248,Sajda
 2021-11-19 12:24:57:348,Sajda
 2021-11-19 12:24:57:447,Sajda
 2021-11-19 12:24:57:547,Sajda
 2021-11-19 12:24:57:647,Sajda
 2021-11-19 12:24:57:647,Qayam
 2021-11-19 12:24:57:846,Qayam
 2021-11-19 12:24:57:945,Qayam
 2021-11-19 12:24:58:045,Qayam
 2021-11-19 12:24:58:144,Qayam
 2021-11-19 12:24:58:244,Qayam
 2021-11-19 12:24:58:343,Qayam
 2021-11-19 12:24:58:442,Qayam
 2021-11-19 12:24:58:543,Qayam
 2021-11-19 12:24:58:642,Qayam
 2021-11-19 12:24:58:742,Qayam
 2021-11-19 12:24:58:842,Qayam
 2021-11-19 12:24:58:941,Qayam
 2021-11-19 12:24:59:040,Qayam
 2021-11-19 12:24:59:140,Qayam
 2021-11-19 12:24:59:240,Qayam
 2021-11-19 12:24:59:340,Qayam
 2021-11-19 12:24:59:440,Qayam
 2021-11-19 12:24:59:539,Qayam
 2021-11-19 12:24:59:639,Qayam
 2021-11-19 12:24:59:741,Qayam
 2021-11-19 12:24:59:838,Qayam
 2021-11-19 12:24:59:938,Qayam
 2021-11-19 12:25:00:037,Qayam
 2021-11-19 12:25:00:136,Qayam
 2021-11-19 12:25:00:242,Qayam
 2021-11-19 12:25:00:336,Qayam
 2021-11-19 12:25:00:435,Qayam
 2021-11-19 12:25:00:535,Qayam
 2021-11-19 12:25:00:634,Qayam
 2021-11-19 12:25:00:734,Qayam
 2021-11-19 12:25:00:834,Qayam
 2021-11-19 12:25:00:933,Qayam
 2021-11-19 12:25:01:032,Qayam
 2021-11-19 12:25:01:132,Qayam
 2021-11-19 12:25:01:232,Qayam
 2021-11-19 12:25:01:331,Qayam
 2021-11-19 12:25:01:431,Qayam
 2021-11-19 12:25:01:531,Qayam
 2021-11-19 12:25:01:631,Qayam
 2021-11-19 12:25:01:730,Qayam
 2021-11-19 12:25:01:830,Qayam
 2021-11-19 12:25:01:929,Qayam
 2021-11-19 12:25:02:029,Qayam
 2021-11-19 12:25:02:131,Qayam
 2021-11-19 12:25:02:228,Qayam
 2021-11-19 12:25:02:327,Qayam
 2021-11-19 12:25:02:427,Qayam
 2021-11-19 12:25:02:527,Qayam
 2021-11-19 12:25:02:626,Qayam
 2021-11-19 12:25:02:726,Qayam
 2021-11-19 12:25:02:825,Qayam
 2021-11-19 12:25:02:924,Qayam
 2021-11-19 12:25:03:029,Qayam
 2021-11-19 12:25:03:124,Qayam
 2021-11-19 12:25:03:223,Qayam
 2021-11-19 12:25:03:322,Qayam
 2021-11-19 12:25:03:422,Qayam
 2021-11-19 12:25:03:521,Qayam
 2021-11-19 12:25:03:621,Qayam
 2021-11-19 12:25:03:720,Qayam
 2021-11-19 12:25:03:820,Qayam
 2021-11-19 12:25:03:920,Qayam
 2021-11-19 12:25:04:020,Qayam
 2021-11-19 12:25:04:119,Qayam
 2021-11-19 12:25:04:219,Qayam
 2021-11-19 12:25:04:319,Qayam
 2021-11-19 12:25:04:418,Qayam
 2021-11-19 12:25:04:529,Qayam
 2021-11-19 12:25:04:618,Qayam
 2021-11-19 12:25:04:717,Qayam
 2021-11-19 12:25:04:817,Qayam
 2021-11-19 12:25:04:916,Qayam
 2021-11-19 12:25:05:016,Qayam
 2021-11-19 12:25:05:116,Qayam
 2021-11-19 12:25:05:215,Qayam
 2021-11-19 12:25:05:315,Qayam
 2021-11-19 12:25:05:414,Qayam
 2021-11-19 12:25:05:514,Qayam
 2021-11-19 12:25:05:614,Qayam
 2021-11-19 12:25:05:716,Qayam
 2021-11-19 12:25:05:813,Qayam
 2021-11-19 12:25:05:913,Qayam
 2021-11-19 12:25:06:013,Qayam
 2021-11-19 12:25:06:112,Qayam
 2021-11-19 12:25:06:212,Qayam
 2021-11-19 12:25:06:312,Qayam
 2021-11-19 12:25:06:411,Qayam
 2021-11-19 12:25:06:512,Qayam
 2021-11-19 12:25:06:611,Qayam
 2021-11-19 12:25:06:710,Qayam
 2021-11-19 12:25:06:809,Qayam
 2021-11-19 12:25:06:909,Qayam
 2021-11-19 12:25:07:008,Qayam
 2021-11-19 12:25:07:108,Qayam
 2021-11-19 12:25:07:209,Qayam
 2021-11-19 12:25:07:307,Qayam
 2021-11-19 12:25:07:407,Qayam
 2021-11-19 12:25:07:506,Qayam
 2021-11-19 12:25:07:606,Qayam
 2021-11-19 12:25:07:705,Qayam
 2021-11-19 12:25:07:806,Qayam
 2021-11-19 12:25:07:904,Qayam
 2021-11-19 12:25:08:004,Qayam
 2021-11-19 12:25:08:104,Qayam
 2021-11-19 12:25:08:204,Qayam
 2021-11-19 12:25:08:303,Qayam
 2021-11-19 12:25:08:403,Qayam
 2021-11-19 12:25:08:503,Qayam
 2021-11-19 12:25:08:602,Qayam
 2021-11-19 12:25:08:702,Qayam
 2021-11-19 12:25:08:802,Qayam
 2021-11-19 12:25:08:901,Qayam
 2021-11-19 12:25:09:001,Qayam
 2021-11-19 12:25:09:103,Qayam
 2021-11-19 12:25:09:200,Qayam
 2021-11-19 12:25:09:300,Qayam
 2021-11-19 12:25:09:399,Qayam
 2021-11-19 12:25:09:498,Qayam
 2021-11-19 12:25:09:598,Qayam
 2021-11-19 12:25:09:697,Qayam
 2021-11-19 12:25:09:797,Qayam
 2021-11-19 12:25:09:898,Qayam
 2021-11-19 12:25:09:996,Qayam
 2021-11-19 12:25:10:096,Qayam
 2021-11-19 12:25:10:197,Qayam
 2021-11-19 12:25:10:295,Qayam
 2021-11-19 12:25:10:395,Qayam
 2021-11-19 12:25:10:495,Qayam
 2021-11-19 12:25:10:594,Qayam
 2021-11-19 12:25:10:694,Qayam
 2021-11-19 12:25:10:794,Qayam
 2021-11-19 12:25:10:904,Qayam
 2021-11-19 12:25:10:993,Qayam
 2021-11-19 12:25:11:095,Qayam
 2021-11-19 12:25:11:194,Qayam
 2021-11-19 12:25:11:292,Qayam
 2021-11-19 12:25:11:392,Qayam
 2021-11-19 12:25:11:491,Qayam
 2021-11-19 12:25:11:590,Qayam
 2021-11-19 12:25:11:690,Qayam
 2021-11-19 12:25:11:790,Qayam
 2021-11-19 12:25:11:895,Qayam
 2021-11-19 12:25:11:988,Qayam
 2021-11-19 12:25:12:088,Qayam
 2021-11-19 12:25:12:188,Qayam
 2021-11-19 12:25:12:288,Qayam
 2021-11-19 12:25:12:392,Qayam
 2021-11-19 12:25:12:487,Qayam
 2021-11-19 12:25:12:587,Qayam
 2021-11-19 12:25:12:688,Qayam
 2021-11-19 12:25:12:786,Qayam
 2021-11-19 12:25:12:905,Qayam
 2021-11-19 12:25:12:985,Qayam
 2021-11-19 12:25:13:086,Qayam
 2021-11-19 12:25:13:185,Qayam
 2021-11-19 12:25:13:284,Qayam
 2021-11-19 12:25:13:384,Qayam
 2021-11-19 12:25:13:484,Qayam
 2021-11-19 12:25:13:583,Qayam
 2021-11-19 12:25:13:682,Qayam
 2021-11-19 12:25:13:781,Qayam
 2021-11-19 12:25:13:881,Qayam
 2021-11-19 12:25:13:980,Qayam
 2021-11-19 12:25:14:080,Qayam
 2021-11-19 12:25:14:179,Qayam
 2021-11-19 12:25:14:280,Qayam
 2021-11-19 12:25:14:383,Qayam
 2021-11-19 12:25:14:479,Qayam
 2021-11-19 12:25:14:578,Qayam
 2021-11-19 12:25:14:678,Qayam
 2021-11-19 12:25:14:777,Qayam
 2021-11-19 12:25:14:878,Qayam
 2021-11-19 12:25:14:977,Qayam
 2021-11-19 12:25:15:076,Qayam
 2021-11-19 12:25:15:177,Qayam
 2021-11-19 12:25:15:276,Qayam
 2021-11-19 12:25:15:376,Qayam
 2021-11-19 12:25:15:475,Qayam
 2021-11-19 12:25:15:575,Qayam
 2021-11-19 12:25:15:675,Qayam
 2021-11-19 12:25:15:775,Qayam
 2021-11-19 12:25:15:901,Qayam
 2021-11-19 12:25:15:973,Qayam
 2021-11-19 12:25:16:072,Qayam
 2021-11-19 12:25:16:173,Qayam
 2021-11-19 12:25:16:272,Qayam
 2021-11-19 12:25:16:372,Qayam
 2021-11-19 12:25:16:471,Qayam
 2021-11-19 12:25:16:571,Qayam
 2021-11-19 12:25:16:671,Qayam
 2021-11-19 12:25:16:770,Qayam
 2021-11-19 12:25:16:911,Qayam
 2021-11-19 12:25:16:968,Qayam
 2021-11-19 12:25:17:068,Qayam
 2021-11-19 12:25:17:168,Ruku
 2021-11-19 12:25:17:268,Ruku
 2021-11-19 12:25:17:368,Ruku
 2021-11-19 12:25:17:467,Ruku
 2021-11-19 12:25:17:567,Ruku
 2021-11-19 12:25:17:668,Ruku
 2021-11-19 12:25:17:767,Ruku
 2021-11-19 12:25:17:893,Ruku
 2021-11-19 12:25:17:966,Ruku
 2021-11-19 12:25:18:065,Ruku
 2021-11-19 12:25:18:164,Ruku
 2021-11-19 12:25:18:266,Ruku
 2021-11-19 12:25:18:363,Ruku
 2021-11-19 12:25:18:463,Ruku
 2021-11-19 12:25:18:563,Ruku
 2021-11-19 12:25:18:662,Ruku
 2021-11-19 12:25:18:762,Ruku
 2021-11-19 12:25:18:861,Ruku
 2021-11-19 12:25:18:961,Ruku
 2021-11-19 12:25:19:060,Ruku
 2021-11-19 12:25:19:160,Ruku
 2021-11-19 12:25:19:259,Ruku
 2021-11-19 12:25:19:359,Ruku
 2021-11-19 12:25:19:459,Ruku
 2021-11-19 12:25:19:558,Ruku
 2021-11-19 12:25:19:658,Ruku
 2021-11-19 12:25:19:758,Ruku
 2021-11-19 12:25:19:857,Ruku
 2021-11-19 12:25:19:956,Ruku
 2021-11-19 12:25:20:057,Ruku
 2021-11-19 12:25:20:156,Ruku
 2021-11-19 12:25:20:257,Ruku
 2021-11-19 12:25:20:356,Ruku
 2021-11-19 12:25:20:455,Ruku
 2021-11-19 12:25:20:554,Ruku
 2021-11-19 12:25:20:654,Ruku
 2021-11-19 12:25:20:753,Ruku
 2021-11-19 12:25:20:852,Ruku
 2021-11-19 12:25:20:952,Ruku
 2021-11-19 12:25:21:051,Ruku
 2021-11-19 12:25:21:151,Ruku
 2021-11-19 12:25:21:251,Ruku
 2021-11-19 12:25:21:350,Ruku
 2021-11-19 12:25:21:450,Ruku
 2021-11-19 12:25:21:550,Ruku
 2021-11-19 12:25:21:649,Qoum
 2021-11-19 12:25:21:749,Qoum
 2021-11-19 12:25:21:849,Qoum
 2021-11-19 12:25:21:948,Qoum
 2021-11-19 12:25:22:048,Qoum
 2021-11-19 12:25:22:148,Qoum
 2021-11-19 12:25:22:247,Qoum
 2021-11-19 12:25:22:347,Qoum
 2021-11-19 12:25:22:449,Qoum
 2021-11-19 12:25:22:546,Qoum
 2021-11-19 12:25:22:646,Qoum
 2021-11-19 12:25:22:746,Qoum
 2021-11-19 12:25:22:845,Qoum
 2021-11-19 12:25:22:944,Qoum
 2021-11-19 12:25:23:044,Qoum
 2021-11-19 12:25:23:143,Qoum
 2021-11-19 12:25:23:243,Qoum
 2021-11-19 12:25:23:343,Qoum
 2021-11-19 12:25:23:442,Qoum
 2021-11-19 12:25:23:542,Qoum
 2021-11-19 12:25:23:641,Qoum
 2021-11-19 12:25:23:741,Qoum
 2021-11-19 12:25:23:841,Qoum
 2021-11-19 12:25:23:943,Qoum
 2021-11-19 12:25:24:039,Qoum
 2021-11-19 12:25:24:138,Qoum
 2021-11-19 12:25:24:238,Qoum
 2021-11-19 12:25:24:338,Qoum
 2021-11-19 12:25:24:438,Qoum
 2021-11-19 12:25:24:538,Qoum
 2021-11-19 12:25:24:637,Qoum
 2021-11-19 12:25:24:736,Qoum
 2021-11-19 12:25:24:836,Qoum
 2021-11-19 12:25:24:935,Sajda
 2021-11-19 12:25:25:035,Sajda
 2021-11-19 12:25:25:135,Sajda
 2021-11-19 12:25:25:234,Sajda
 2021-11-19 12:25:25:333,Sajda
 2021-11-19 12:25:25:433,Sajda
 2021-11-19 12:25:25:532,Sajda
 2021-11-19 12:25:25:632,Sajda
 2021-11-19 12:25:25:736,Sajda
 2021-11-19 12:25:25:832,Sajda
 2021-11-19 12:25:25:931,Sajda
 2021-11-19 12:25:26:031,Sajda
 2021-11-19 12:25:26:131,Sajda
 2021-11-19 12:25:26:230,Sajda
 2021-11-19 12:25:26:330,Sajda
 2021-11-19 12:25:26:430,Sajda
 2021-11-19 12:25:26:529,Sajda
 2021-11-19 12:25:26:629,Sajda
 2021-11-19 12:25:26:728,Sajda
 2021-11-19 12:25:26:828,Sajda
 2021-11-19 12:25:26:928,Sajda
 2021-11-19 12:25:27:028,Sajda
 2021-11-19 12:25:27:127,Sajda
 2021-11-19 12:25:27:227,Sajda
 2021-11-19 12:25:27:327,Sajda
 2021-11-19 12:25:27:427,Sajda
 2021-11-19 12:25:27:527,Sajda
 2021-11-19 12:25:27:624,Sajda
 2021-11-19 12:25:27:724,Sajda
 2021-11-19 12:25:27:824,Sajda
 2021-11-19 12:25:27:924,Sajda
 2021-11-19 12:25:28:023,Sajda
 2021-11-19 12:25:28:122,Sajda
 2021-11-19 12:25:28:222,Sajda
 2021-11-19 12:25:28:321,Sajda
 2021-11-19 12:25:28:421,Sajda
 2021-11-19 12:25:28:520,Sajda
 2021-11-19 12:25:28:620,Sajda
 2021-11-19 12:25:28:720,Sajda
 2021-11-19 12:25:28:819,Sajda
 2021-11-19 12:25:28:919,Sajda
 2021-11-19 12:25:29:019,Sajda
 2021-11-19 12:25:29:119,Sajda
 2021-11-19 12:25:29:218,Sajda
 2021-11-19 12:25:29:318,Sajda
 2021-11-19 12:25:29:417,Sajda
 2021-11-19 12:25:29:517,Sajda
 2021-11-19 12:25:29:616,Sajda
 2021-11-19 12:25:29:716,Sajda
 2021-11-19 12:25:29:815,Sajda
 2021-11-19 12:25:29:916,Sajda
 2021-11-19 12:25:30:014,Sajda
 2021-11-19 12:25:30:114,Jalsa
 2021-11-19 12:25:30:213,Jalsa
 2021-11-19 12:25:30:313,Jalsa
 2021-11-19 12:25:30:412,Jalsa
 2021-11-19 12:25:30:512,Jalsa
 2021-11-19 12:25:30:611,Jalsa
 2021-11-19 12:25:30:711,Jalsa
 2021-11-19 12:25:30:811,Jalsa
 2021-11-19 12:25:30:910,Jalsa
 2021-11-19 12:25:31:010,Jalsa
 2021-11-19 12:25:31:110,Jalsa
 2021-11-19 12:25:31:209,Jalsa
 2021-11-19 12:25:31:309,Jalsa
 2021-11-19 12:25:31:409,Jalsa
 2021-11-19 12:25:31:508,Jalsa
 2021-11-19 12:25:31:607,Jalsa
 2021-11-19 12:25:31:708,Jalsa
 2021-11-19 12:25:31:807,Jalsa
 2021-11-19 12:25:31:906,Jalsa
 2021-11-19 12:25:32:006,Jalsa
 2021-11-19 12:25:32:105,Jalsa
 2021-11-19 12:25:32:204,Jalsa
 2021-11-19 12:25:32:304,Jalsa
 2021-11-19 12:25:32:403,Jalsa
 2021-11-19 12:25:32:503,Jalsa
 2021-11-19 12:25:32:605,Jalsa
 2021-11-19 12:25:32:605,Sajda
 2021-11-19 12:25:32:802,Sajda
 2021-11-19 12:25:32:902,Sajda
 2021-11-19 12:25:33:000,Sajda
 2021-11-19 12:25:33:101,Sajda
 2021-11-19 12:25:33:201,Sajda
 2021-11-19 12:25:33:300,Sajda
 2021-11-19 12:25:33:400,Sajda
 2021-11-19 12:25:33:500,Sajda
 2021-11-19 12:25:33:599,Sajda
 2021-11-19 12:25:33:699,Sajda
 2021-11-19 12:25:33:800,Sajda
 2021-11-19 12:25:33:898,Sajda
 2021-11-19 12:25:33:997,Sajda
 2021-11-19 12:25:34:096,Sajda
 2021-11-19 12:25:34:196,Sajda
 2021-11-19 12:25:34:296,Sajda
 2021-11-19 12:25:34:395,Sajda
 2021-11-19 12:25:34:494,Sajda
 2021-11-19 12:25:34:596,Sajda
 2021-11-19 12:25:34:692,Sajda
 2021-11-19 12:25:34:791,Sajda
 2021-11-19 12:25:34:908,Sajda
 2021-11-19 12:25:34:992,Sajda
 2021-11-19 12:25:35:091,Sajda
 2021-11-19 12:25:35:190,Sajda
 2021-11-19 12:25:35:290,Sajda
 2021-11-19 12:25:35:390,Sajda
 2021-11-19 12:25:35:489,Sajda
 2021-11-19 12:25:35:589,Sajda
 2021-11-19 12:25:35:689,Sajda
 2021-11-19 12:25:35:788,Sajda
 2021-11-19 12:25:35:890,Sajda
 2021-11-19 12:25:35:988,Sajda
 2021-11-19 12:25:36:087,Sajda
 2021-11-19 12:25:36:187,Sajda
 2021-11-19 12:25:36:287,Sajda
 2021-11-19 12:25:36:387,Sajda
 2021-11-19 12:25:36:503,Sajda
 2021-11-19 12:25:36:585,Sajda
 2021-11-19 12:25:36:685,Sajda
 2021-11-19 12:25:36:784,Sajda
 2021-11-19 12:25:36:908,Sajda
 2021-11-19 12:25:36:982,Sajda
 2021-11-19 12:25:37:087,Sajda
 2021-11-19 12:25:37:182,Sajda
 2021-11-19 12:25:37:281,Sajda
 2021-11-19 12:25:37:381,Sajda
 2021-11-19 12:25:37:480,Sajda
 2021-11-19 12:25:37:580,Sajda
 2021-11-19 12:25:37:680,Sajda
 2021-11-19 12:25:37:779,Sajda
 2021-11-19 12:25:37:900,Sajda
 2021-11-19 12:25:37:979,Sajda
 2021-11-19 12:25:38:080,Sajda
 2021-11-19 12:25:38:182,Sajda
 2021-11-19 12:25:38:282,Sajda
 2021-11-19 12:25:38:378,Sajda
 2021-11-19 12:25:38:477,Sajda
 2021-11-19 12:25:38:477,Tashahud
 2021-11-19 12:25:38:676,Tashahud
 2021-11-19 12:25:38:776,Tashahud
 2021-11-19 12:25:38:902,Tashahud
 2021-11-19 12:25:38:975,Tashahud
 2021-11-19 12:25:39:074,Tashahud
 2021-11-19 12:25:39:174,Tashahud
 2021-11-19 12:25:39:273,Tashahud
 2021-11-19 12:25:39:373,Tashahud
 2021-11-19 12:25:39:473,Tashahud
 2021-11-19 12:25:39:572,Tashahud
 2021-11-19 12:25:39:672,Tashahud
 2021-11-19 12:25:39:781,Tashahud
 2021-11-19 12:25:39:913,Tashahud
 2021-11-19 12:25:39:971,Tashahud
 2021-11-19 12:25:40:071,Tashahud
 2021-11-19 12:25:40:170,Tashahud
 2021-11-19 12:25:40:269,Tashahud
 2021-11-19 12:25:40:369,Tashahud
 2021-11-19 12:25:40:469,Tashahud
 2021-11-19 12:25:40:568,Tashahud
 2021-11-19 12:25:40:668,Tashahud
 2021-11-19 12:25:40:767,Tashahud
 2021-11-19 12:25:40:897,Tashahud
 2021-11-19 12:25:40:967,Tashahud
 2021-11-19 12:25:41:066,Tashahud
 2021-11-19 12:25:41:165,Tashahud
 2021-11-19 12:25:41:265,Tashahud
 2021-11-19 12:25:41:364,Tashahud
 2021-11-19 12:25:41:464,Tashahud
 2021-11-19 12:25:41:564,Tashahud
 2021-11-19 12:25:41:664,Tashahud
 2021-11-19 12:25:41:762,Tashahud
 2021-11-19 12:25:41:878,Tashahud
 2021-11-19 12:25:41:962,Tashahud
 2021-11-19 12:25:42:061,Tashahud
 2021-11-19 12:25:42:161,Tashahud
 2021-11-19 12:25:42:266,Tashahud
 2021-11-19 12:25:42:360,Tashahud
 2021-11-19 12:25:42:460,Tashahud
 2021-11-19 12:25:42:560,Tashahud
 2021-11-19 12:25:42:660,Tashahud
 2021-11-19 12:25:42:760,Tashahud
 2021-11-19 12:25:42:859,Tashahud
 2021-11-19 12:25:42:959,Tashahud
 2021-11-19 12:25:43:058,Tashahud
 2021-11-19 12:25:43:157,Tashahud
 2021-11-19 12:25:43:257,Tashahud
 2021-11-19 12:25:43:357,Tashahud
 2021-11-19 12:25:43:456,Tashahud
 2021-11-19 12:25:43:555,Tashahud
 2021-11-19 12:25:43:656,Tashahud
 2021-11-19 12:25:43:755,Tashahud
 2021-11-19 12:25:43:854,Tashahud
 2021-11-19 12:25:43:957,Tashahud
 2021-11-19 12:25:44:053,Tashahud
 2021-11-19 12:25:44:153,Tashahud
 2021-11-19 12:25:44:253,Tashahud
 2021-11-19 12:25:44:352,Tashahud
 2021-11-19 12:25:44:452,Tashahud
 2021-11-19 12:25:44:555,Tashahud
 2021-11-19 12:25:44:651,Tashahud
 2021-11-19 12:25:44:751,Tashahud
 2021-11-19 12:25:44:851,Tashahud
 2021-11-19 12:25:44:954,Tashahud
 2021-11-19 12:25:45:049,Tashahud
 2021-11-19 12:25:45:150,Tashahud
 2021-11-19 12:25:45:248,Tashahud
 2021-11-19 12:25:45:348,Tashahud
 2021-11-19 12:25:45:447,Tashahud
 2021-11-19 12:25:45:547,Tashahud
 2021-11-19 12:25:45:646,Tashahud
 2021-11-19 12:25:45:746,Tashahud
 2021-11-19 12:25:45:845,Tashahud
 2021-11-19 12:25:45:945,Tashahud
 2021-11-19 12:25:46:044,Tashahud
 2021-11-19 12:25:46:144,Tashahud
 2021-11-19 12:25:46:244,Tashahud
 2021-11-19 12:25:46:343,Tashahud
 2021-11-19 12:25:46:443,Tashahud
 2021-11-19 12:25:46:542,Tashahud
 2021-11-19 12:25:46:642,Tashahud
 2021-11-19 12:25:46:742,Tashahud
 2021-11-19 12:25:46:841,Tashahud
 2021-11-19 12:25:46:941,Tashahud
 2021-11-19 12:25:47:041,Tashahud
 2021-11-19 12:25:47:140,Tashahud
 2021-11-19 12:25:47:240,Tashahud
 2021-11-19 12:25:47:340,Tashahud
 2021-11-19 12:25:47:440,Tashahud
 2021-11-19 12:25:47:539,Tashahud
 2021-11-19 12:25:47:639,Tashahud
 2021-11-19 12:25:47:738,Tashahud
 2021-11-19 12:25:47:838,Tashahud
 2021-11-19 12:25:47:937,Tashahud
 2021-11-19 12:25:48:036,Tashahud
 2021-11-19 12:25:48:136,Tashahud
 2021-11-19 12:25:48:235,Tashahud
 2021-11-19 12:25:48:335,Tashahud
 2021-11-19 12:25:48:439,Tashahud
 2021-11-19 12:25:48:535,Tashahud
 2021-11-19 12:25:48:634,Tashahud
 2021-11-19 12:25:48:734,Tashahud
 2021-11-19 12:25:48:833,Tashahud
 2021-11-19 12:25:48:935,Tashahud
 2021-11-19 12:25:49:035,Tashahud
 2021-11-19 12:25:49:132,Tashahud
 2021-11-19 12:25:49:232,Tashahud
 2021-11-19 12:25:49:332,Tashahud
 2021-11-19 12:25:49:431,Tashahud
 2021-11-19 12:25:49:531,Tashahud
 2021-11-19 12:25:49:631,Tashahud
 2021-11-19 12:25:49:730,Tashahud
 2021-11-19 12:25:49:830,Tashahud
 2021-11-19 12:25:49:929,Tashahud
 2021-11-19 12:25:50:029,Tashahud
 2021-11-19 12:25:50:128,Tashahud
 2021-11-19 12:25:50:228,Tashahud
 2021-11-19 12:25:50:327,Tashahud
 2021-11-19 12:25:50:427,Tashahud
 2021-11-19 12:25:50:526,Tashahud
 2021-11-19 12:25:50:626,Tashahud
 2021-11-19 12:25:50:726,Tashahud
 2021-11-19 12:25:50:825,Tashahud
 2021-11-19 12:25:50:926,Tashahud
 2021-11-19 12:25:51:024,Tashahud
 2021-11-19 12:25:51:124,Tashahud
 2021-11-19 12:25:51:223,Tashahud
 2021-11-19 12:25:51:223,Qayam
 2021-11-19 12:25:51:423,Qayam
 2021-11-19 12:25:51:523,Qayam
 2021-11-19 12:25:51:623,Qayam
 2021-11-19 12:25:51:722,Qayam
 2021-11-19 12:25:51:822,Qayam
 2021-11-19 12:25:51:921,Qayam
 2021-11-19 12:25:52:021,Qayam
 2021-11-19 12:25:52:120,Qayam
 2021-11-19 12:25:52:220,Qayam
 2021-11-19 12:25:52:320,Qayam
 2021-11-19 12:25:52:419,Qayam
 2021-11-19 12:25:52:519,Qayam
 2021-11-19 12:25:52:619,Qayam
 2021-11-19 12:25:52:718,Qayam
 2021-11-19 12:25:52:817,Qayam
 2021-11-19 12:25:52:917,Qayam
 2021-11-19 12:25:53:017,Qayam
 2021-11-19 12:25:53:116,Qayam
 2021-11-19 12:25:53:216,Qayam
 2021-11-19 12:25:53:315,Qayam
 2021-11-19 12:25:53:415,Qayam
 2021-11-19 12:25:53:515,Qayam
 2021-11-19 12:25:53:615,Qayam
 2021-11-19 12:25:53:714,Qayam
 2021-11-19 12:25:53:814,Qayam
 2021-11-19 12:25:53:914,Qayam
 2021-11-19 12:25:54:013,Qayam
 2021-11-19 12:25:54:113,Qayam
 2021-11-19 12:25:54:212,Qayam
 2021-11-19 12:25:54:312,Qayam
 2021-11-19 12:25:54:412,Qayam
 2021-11-19 12:25:54:511,Qayam
 2021-11-19 12:25:54:611,Qayam
 2021-11-19 12:25:54:711,Qayam
 2021-11-19 12:25:54:810,Qayam
 2021-11-19 12:25:54:909,Qayam
 2021-11-19 12:25:55:010,Qayam
 2021-11-19 12:25:55:108,Qayam
 2021-11-19 12:25:55:208,Qayam
 2021-11-19 12:25:55:309,Qayam
 2021-11-19 12:25:55:407,Qayam
 2021-11-19 12:25:55:506,Qayam
 2021-11-19 12:25:55:606,Qayam
 2021-11-19 12:25:55:706,Qayam
 2021-11-19 12:25:55:805,Qayam
 2021-11-19 12:25:55:905,Qayam
 2021-11-19 12:25:56:004,Qayam
 2021-11-19 12:25:56:104,Qayam
 2021-11-19 12:25:56:204,Qayam
 2021-11-19 12:25:56:303,Qayam
 2021-11-19 12:25:56:403,Qayam
 2021-11-19 12:25:56:505,Qayam
 2021-11-19 12:25:56:602,Qayam
 2021-11-19 12:25:56:702,Qayam
 2021-11-19 12:25:56:802,Qayam
 2021-11-19 12:25:56:901,Qayam
 2021-11-19 12:25:57:001,Qayam
 2021-11-19 12:25:57:100,Qayam
 2021-11-19 12:25:57:200,Qayam
 2021-11-19 12:25:57:299,Qayam
 2021-11-19 12:25:57:400,Qayam
 2021-11-19 12:25:57:499,Qayam
 2021-11-19 12:25:57:599,Qayam
 2021-11-19 12:25:57:698,Qayam
 2021-11-19 12:25:57:798,Qayam
 2021-11-19 12:25:57:897,Qayam
 2021-11-19 12:25:57:997,Qayam
 2021-11-19 12:25:58:096,Qayam
 2021-11-19 12:25:58:196,Qayam
 2021-11-19 12:25:58:296,Qayam
 2021-11-19 12:25:58:396,Qayam
 2021-11-19 12:25:58:495,Qayam
 2021-11-19 12:25:58:596,Qayam
 2021-11-19 12:25:58:695,Qayam
 2021-11-19 12:25:58:794,Qayam
 2021-11-19 12:25:58:895,Qayam
 2021-11-19 12:25:58:994,Qayam
 2021-11-19 12:25:59:093,Qayam
 2021-11-19 12:25:59:192,Qayam
 2021-11-19 12:25:59:292,Qayam
 2021-11-19 12:25:59:391,Qayam
 2021-11-19 12:25:59:491,Qayam
 2021-11-19 12:25:59:591,Qayam
 2021-11-19 12:25:59:690,Qayam
 2021-11-19 12:25:59:794,Qayam
 2021-11-19 12:25:59:893,Qayam
 2021-11-19 12:25:59:990,Qayam
 2021-11-19 12:26:00:089,Qayam
 2021-11-19 12:26:00:189,Qayam
 2021-11-19 12:26:00:288,Qayam
 2021-11-19 12:26:00:388,Qayam
 2021-11-19 12:26:00:487,Qayam
 2021-11-19 12:26:00:587,Qayam
 2021-11-19 12:26:00:687,Qayam
 2021-11-19 12:26:00:786,Qayam
 2021-11-19 12:26:00:896,Qayam
 2021-11-19 12:26:00:986,Qayam
 2021-11-19 12:26:01:086,Qayam
 2021-11-19 12:26:01:185,Qayam
 2021-11-19 12:26:01:285,Qayam
 2021-11-19 12:26:01:384,Qayam
 2021-11-19 12:26:01:484,Qayam
 2021-11-19 12:26:01:584,Qayam
 2021-11-19 12:26:01:683,Qayam
 2021-11-19 12:26:01:782,Qayam
 2021-11-19 12:26:01:896,Qayam
 2021-11-19 12:26:01:981,Qayam
 2021-11-19 12:26:02:082,Qayam
 2021-11-19 12:26:02:181,Qayam
 2021-11-19 12:26:02:280,Qayam
 2021-11-19 12:26:02:380,Qayam
 2021-11-19 12:26:02:480,Qayam
 2021-11-19 12:26:02:579,Qayam
 2021-11-19 12:26:02:679,Qayam
 2021-11-19 12:26:02:779,Qayam
 2021-11-19 12:26:02:894,Qayam
 2021-11-19 12:26:02:978,Qayam
 2021-11-19 12:26:03:078,Qayam
 2021-11-19 12:26:03:177,Qayam
 2021-11-19 12:26:03:276,Qayam
 2021-11-19 12:26:03:377,Qayam
 2021-11-19 12:26:03:476,Qayam
 2021-11-19 12:26:03:576,Qayam
 2021-11-19 12:26:03:675,Qayam
 2021-11-19 12:26:03:775,Qayam
 2021-11-19 12:26:03:895,Qayam
 2021-11-19 12:26:03:974,Qayam
 2021-11-19 12:26:04:073,Qayam
 2021-11-19 12:26:04:173,Qayam
 2021-11-19 12:26:04:272,Qayam
 2021-11-19 12:26:04:372,Qayam
 2021-11-19 12:26:04:471,Qayam
 2021-11-19 12:26:04:571,Qayam
 2021-11-19 12:26:04:671,Qayam
 2021-11-19 12:26:04:770,Qayam
 2021-11-19 12:26:04:892,Qayam
 2021-11-19 12:26:04:970,Qayam
 2021-11-19 12:26:05:070,Qayam
 2021-11-19 12:26:05:169,Qayam
 2021-11-19 12:26:05:268,Qayam
 2021-11-19 12:26:05:369,Qayam
 2021-11-19 12:26:05:469,Qayam
 2021-11-19 12:26:05:568,Qayam
 2021-11-19 12:26:05:668,Qayam
 2021-11-19 12:26:05:767,Qayam
 2021-11-19 12:26:05:900,Qayam
 2021-11-19 12:26:05:900,Ruku
 2021-11-19 12:26:06:065,Ruku
 2021-11-19 12:26:06:165,Ruku
 2021-11-19 12:26:06:264,Ruku
 2021-11-19 12:26:06:365,Ruku
 2021-11-19 12:26:06:463,Ruku
 2021-11-19 12:26:06:563,Ruku
 2021-11-19 12:26:06:663,Ruku
 2021-11-19 12:26:06:762,Ruku
 2021-11-19 12:26:06:862,Ruku
 2021-11-19 12:26:06:962,Ruku
 2021-11-19 12:26:07:061,Ruku
 2021-11-19 12:26:07:161,Ruku
 2021-11-19 12:26:07:261,Ruku
 2021-11-19 12:26:07:360,Ruku
 2021-11-19 12:26:07:460,Ruku
 2021-11-19 12:26:07:560,Ruku
 2021-11-19 12:26:07:660,Ruku
 2021-11-19 12:26:07:760,Ruku
 2021-11-19 12:26:07:862,Ruku
 2021-11-19 12:26:07:959,Ruku
 2021-11-19 12:26:08:059,Ruku
 2021-11-19 12:26:08:158,Ruku
 2021-11-19 12:26:08:257,Ruku
 2021-11-19 12:26:08:357,Ruku
 2021-11-19 12:26:08:457,Ruku
 2021-11-19 12:26:08:556,Ruku
 2021-11-19 12:26:08:656,Ruku
 2021-11-19 12:26:08:755,Ruku
 2021-11-19 12:26:08:855,Ruku
 2021-11-19 12:26:08:955,Ruku
 2021-11-19 12:26:09:054,Ruku
 2021-11-19 12:26:09:153,Ruku
 2021-11-19 12:26:09:253,Ruku
 2021-11-19 12:26:09:352,Ruku
 2021-11-19 12:26:09:452,Ruku
 2021-11-19 12:26:09:552,Qoum
 2021-11-19 12:26:09:652,Qoum
 2021-11-19 12:26:09:751,Qoum
 2021-11-19 12:26:09:851,Qoum
 2021-11-19 12:26:09:951,Qoum
 2021-11-19 12:26:10:050,Qoum
 2021-11-19 12:26:10:150,Qoum
 2021-11-19 12:26:10:250,Qoum
 2021-11-19 12:26:10:349,Qoum
 2021-11-19 12:26:10:448,Qoum
 2021-11-19 12:26:10:548,Qoum
 2021-11-19 12:26:10:647,Qoum
 2021-11-19 12:26:10:747,Qoum
 2021-11-19 12:26:10:847,Qoum
 2021-11-19 12:26:10:949,Qoum
 2021-11-19 12:26:11:046,Qoum
 2021-11-19 12:26:11:150,Qoum
 2021-11-19 12:26:11:246,Qoum
 2021-11-19 12:26:11:344,Qoum
 2021-11-19 12:26:11:444,Qoum
 2021-11-19 12:26:11:544,Qoum
 2021-11-19 12:26:11:644,Qoum
 2021-11-19 12:26:11:744,Qoum
 2021-11-19 12:26:11:843,Qoum
 2021-11-19 12:26:11:944,Qoum
 2021-11-19 12:26:12:043,Qoum
 2021-11-19 12:26:12:145,Qoum
 2021-11-19 12:26:12:242,Qoum
 2021-11-19 12:26:12:341,Qoum
 2021-11-19 12:26:12:440,Qoum
 2021-11-19 12:26:12:540,Qoum
 2021-11-19 12:26:12:540,Sajda
 2021-11-19 12:26:12:739,Sajda
 2021-11-19 12:26:12:839,Sajda
 2021-11-19 12:26:12:939,Sajda
 2021-11-19 12:26:13:038,Sajda
 2021-11-19 12:26:13:137,Sajda
 2021-11-19 12:26:13:237,Sajda
 2021-11-19 12:26:13:336,Sajda
 2021-11-19 12:26:13:436,Sajda
 2021-11-19 12:26:13:536,Sajda
 2021-11-19 12:26:13:635,Sajda
 2021-11-19 12:26:13:735,Sajda
 2021-11-19 12:26:13:835,Sajda
 2021-11-19 12:26:13:934,Sajda
 2021-11-19 12:26:14:034,Sajda
 2021-11-19 12:26:14:134,Sajda
 2021-11-19 12:26:14:233,Sajda
 2021-11-19 12:26:14:333,Sajda
 2021-11-19 12:26:14:436,Sajda
 2021-11-19 12:26:14:532,Sajda
 2021-11-19 12:26:14:632,Sajda
 2021-11-19 12:26:14:732,Sajda
 2021-11-19 12:26:14:831,Sajda
 2021-11-19 12:26:14:931,Sajda
 2021-11-19 12:26:15:030,Sajda
 2021-11-19 12:26:15:130,Sajda
 2021-11-19 12:26:15:228,Sajda
 2021-11-19 12:26:15:329,Sajda
 2021-11-19 12:26:15:428,Sajda
 2021-11-19 12:26:15:529,Sajda
 2021-11-19 12:26:15:627,Sajda
 2021-11-19 12:26:15:727,Sajda
 2021-11-19 12:26:15:826,Sajda
 2021-11-19 12:26:15:926,Sajda
 2021-11-19 12:26:16:025,Sajda
 2021-11-19 12:26:16:125,Sajda
 2021-11-19 12:26:16:225,Sajda
 2021-11-19 12:26:16:324,Sajda
 2021-11-19 12:26:16:324,Jalsa
 2021-11-19 12:26:16:523,Jalsa
 2021-11-19 12:26:16:623,Jalsa
 2021-11-19 12:26:16:722,Jalsa
 2021-11-19 12:26:16:822,Jalsa
 2021-11-19 12:26:16:922,Jalsa
 2021-11-19 12:26:17:021,Jalsa
 2021-11-19 12:26:17:121,Jalsa
 2021-11-19 12:26:17:220,Jalsa
 2021-11-19 12:26:17:319,Jalsa
 2021-11-19 12:26:17:419,Jalsa
 2021-11-19 12:26:17:519,Jalsa
 2021-11-19 12:26:17:618,Jalsa
 2021-11-19 12:26:17:719,Jalsa
 2021-11-19 12:26:17:817,Jalsa
 2021-11-19 12:26:17:917,Jalsa
 2021-11-19 12:26:18:018,Jalsa
 2021-11-19 12:26:18:117,Jalsa
 2021-11-19 12:26:18:216,Jalsa
 2021-11-19 12:26:18:317,Jalsa
 2021-11-19 12:26:18:415,Jalsa
 2021-11-19 12:26:18:415,Sajda
 2021-11-19 12:26:18:616,Sajda
 2021-11-19 12:26:18:715,Sajda
 2021-11-19 12:26:18:814,Sajda
 2021-11-19 12:26:18:915,Sajda
 2021-11-19 12:26:19:014,Sajda
 2021-11-19 12:26:19:113,Sajda
 2021-11-19 12:26:19:215,Sajda
 2021-11-19 12:26:19:312,Sajda
 2021-11-19 12:26:19:412,Sajda
 2021-11-19 12:26:19:512,Sajda
 2021-11-19 12:26:19:611,Sajda
 2021-11-19 12:26:19:710,Sajda
 2021-11-19 12:26:19:811,Sajda
 2021-11-19 12:26:19:912,Sajda
 2021-11-19 12:26:20:009,Sajda
 2021-11-19 12:26:20:109,Sajda
 2021-11-19 12:26:20:208,Sajda
 2021-11-19 12:26:20:308,Sajda
 2021-11-19 12:26:20:408,Sajda
 2021-11-19 12:26:20:507,Sajda
 2021-11-19 12:26:20:607,Sajda
 2021-11-19 12:26:20:707,Sajda
 2021-11-19 12:26:20:806,Sajda
 2021-11-19 12:26:20:907,Sajda
 2021-11-19 12:26:21:006,Sajda
 2021-11-19 12:26:21:105,Sajda
 2021-11-19 12:26:21:205,Sajda
 2021-11-19 12:26:21:305,Sajda
 2021-11-19 12:26:21:404,Sajda
 2021-11-19 12:26:21:504,Sajda
 2021-11-19 12:26:21:604,Sajda
 2021-11-19 12:26:21:703,Sajda
 2021-11-19 12:26:21:802,Sajda
 2021-11-19 12:26:21:907,Sajda
 2021-11-19 12:26:22:005,Sajda
 2021-11-19 12:26:22:101,Sajda
 2021-11-19 12:26:22:201,Sajda
 2021-11-19 12:26:22:300,Sajda
 2021-11-19 12:26:22:399,Sajda
 2021-11-19 12:26:22:504,Sajda
 2021-11-19 12:26:22:599,Sajda
 2021-11-19 12:26:22:698,Sajda
 2021-11-19 12:26:22:798,Sajda
 2021-11-19 12:26:22:898,Sajda
 2021-11-19 12:26:22:997,Sajda
 2021-11-19 12:26:23:097,Sajda
 2021-11-19 12:26:23:196,Sajda
 2021-11-19 12:26:23:296,Sajda
 2021-11-19 12:26:23:400,Sajda
 2021-11-19 12:26:23:495,Sajda
 2021-11-19 12:26:23:595,Sajda
 2021-11-19 12:26:23:695,Sajda
 2021-11-19 12:26:23:794,Sajda
 2021-11-19 12:26:23:894,Sajda
 2021-11-19 12:26:23:993,Sajda
 2021-11-19 12:26:24:093,Sajda
 2021-11-19 12:26:24:192,Sajda
 2021-11-19 12:26:24:292,Sajda
 2021-11-19 12:26:24:391,Sajda
 2021-11-19 12:26:24:496,Sajda
 2021-11-19 12:26:24:591,Sajda
 2021-11-19 12:26:24:690,Sajda
 2021-11-19 12:26:24:790,Sajda
 2021-11-19 12:26:24:890,Sajda
 2021-11-19 12:26:24:988,Sajda
 2021-11-19 12:26:25:088,Sajda
 2021-11-19 12:26:25:188,Sajda
 2021-11-19 12:26:25:288,Sajda
 2021-11-19 12:26:25:387,Sajda
 2021-11-19 12:26:25:487,Sajda
 2021-11-19 12:26:25:587,Sajda
 2021-11-19 12:26:25:687,Sajda
 2021-11-19 12:26:25:787,Sajda
 2021-11-19 12:26:25:892,Sajda
 2021-11-19 12:26:25:892,Qayam
 2021-11-19 12:26:26:086,Qayam
 2021-11-19 12:26:26:184,Qayam
 2021-11-19 12:26:26:284,Qayam
 2021-11-19 12:26:26:384,Qayam
 2021-11-19 12:26:26:483,Qayam
 2021-11-19 12:26:26:583,Qayam
 2021-11-19 12:26:26:683,Qayam
 2021-11-19 12:26:26:782,Qayam
 2021-11-19 12:26:26:881,Qayam
 2021-11-19 12:26:26:980,Qayam
 2021-11-19 12:26:27:080,Qayam
 2021-11-19 12:26:27:180,Qayam
 2021-11-19 12:26:27:280,Qayam
 2021-11-19 12:26:27:379,Qayam
 2021-11-19 12:26:27:479,Qayam
 2021-11-19 12:26:27:578,Qayam
 2021-11-19 12:26:27:678,Qayam
 2021-11-19 12:26:27:777,Qayam
 2021-11-19 12:26:27:877,Qayam
 2021-11-19 12:26:27:977,Qayam
 2021-11-19 12:26:28:076,Qayam
 2021-11-19 12:26:28:176,Qayam
 2021-11-19 12:26:28:276,Qayam
 2021-11-19 12:26:28:375,Qayam
 2021-11-19 12:26:28:476,Qayam
 2021-11-19 12:26:28:575,Qayam
 2021-11-19 12:26:28:675,Qayam
 2021-11-19 12:26:28:774,Qayam
 2021-11-19 12:26:28:892,Qayam
 2021-11-19 12:26:28:973,Qayam
 2021-11-19 12:26:29:075,Qayam
 2021-11-19 12:26:29:172,Qayam
 2021-11-19 12:26:29:271,Qayam
 2021-11-19 12:26:29:372,Qayam
 2021-11-19 12:26:29:471,Qayam
 2021-11-19 12:26:29:570,Qayam
 2021-11-19 12:26:29:670,Qayam
 2021-11-19 12:26:29:770,Qayam
 2021-11-19 12:26:29:896,Qayam
 2021-11-19 12:26:29:969,Qayam
 2021-11-19 12:26:30:069,Qayam
 2021-11-19 12:26:30:168,Qayam
 2021-11-19 12:26:30:268,Qayam
 2021-11-19 12:26:30:368,Qayam
 2021-11-19 12:26:30:468,Qayam
 2021-11-19 12:26:30:569,Qayam
 2021-11-19 12:26:30:667,Qayam
 2021-11-19 12:26:30:766,Qayam
 2021-11-19 12:26:30:895,Qayam
 2021-11-19 12:26:30:965,Qayam
 2021-11-19 12:26:31:065,Qayam
 2021-11-19 12:26:31:165,Qayam
 2021-11-19 12:26:31:264,Qayam
 2021-11-19 12:26:31:364,Qayam
 2021-11-19 12:26:31:464,Qayam
 2021-11-19 12:26:31:563,Qayam
 2021-11-19 12:26:31:663,Qayam
 2021-11-19 12:26:31:763,Qayam
 2021-11-19 12:26:31:862,Qayam
 2021-11-19 12:26:31:962,Qayam
 2021-11-19 12:26:32:061,Qayam
 2021-11-19 12:26:32:161,Qayam
 2021-11-19 12:26:32:260,Qayam
 2021-11-19 12:26:32:360,Qayam
 2021-11-19 12:26:32:460,Qayam
 2021-11-19 12:26:32:560,Qayam
 2021-11-19 12:26:32:660,Qayam
 2021-11-19 12:26:32:759,Qayam
 2021-11-19 12:26:32:859,Qayam
 2021-11-19 12:26:32:958,Qayam
 2021-11-19 12:26:33:057,Qayam
 2021-11-19 12:26:33:157,Qayam
 2021-11-19 12:26:33:258,Qayam
 2021-11-19 12:26:33:356,Qayam
 2021-11-19 12:26:33:456,Qayam
 2021-11-19 12:26:33:556,Qayam
 2021-11-19 12:26:33:655,Qayam
 2021-11-19 12:26:33:755,Qayam
 2021-11-19 12:26:33:859,Qayam
 2021-11-19 12:26:33:954,Qayam
 2021-11-19 12:26:34:053,Qayam
 2021-11-19 12:26:34:153,Qayam
 2021-11-19 12:26:34:253,Qayam
 2021-11-19 12:26:34:352,Qayam
 2021-11-19 12:26:34:452,Qayam
 2021-11-19 12:26:34:552,Qayam
 2021-11-19 12:26:34:651,Qayam
 2021-11-19 12:26:34:751,Qayam
 2021-11-19 12:26:34:851,Qayam
 2021-11-19 12:26:34:950,Qayam
 2021-11-19 12:26:35:050,Qayam
 2021-11-19 12:26:35:150,Qayam
 2021-11-19 12:26:35:249,Qayam
 2021-11-19 12:26:35:349,Qayam
 2021-11-19 12:26:35:448,Qayam
 2021-11-19 12:26:35:548,Qayam
 2021-11-19 12:26:35:648,Qayam
 2021-11-19 12:26:35:747,Qayam
 2021-11-19 12:26:35:846,Qayam
 2021-11-19 12:26:35:946,Qayam
 2021-11-19 12:26:36:046,Qayam
 2021-11-19 12:26:36:146,Qayam
 2021-11-19 12:26:36:245,Qayam
 2021-11-19 12:26:36:344,Qayam
 2021-11-19 12:26:36:444,Qayam
 2021-11-19 12:26:36:598,Qayam
 2021-11-19 12:26:36:643,Qayam
 2021-11-19 12:26:36:743,Qayam
 2021-11-19 12:26:36:843,Qayam
 2021-11-19 12:26:36:942,Qayam
 2021-11-19 12:26:37:044,Qayam
 2021-11-19 12:26:37:142,Qayam
 2021-11-19 12:26:37:241,Qayam
 2021-11-19 12:26:37:343,Qayam
 2021-11-19 12:26:37:441,Qayam
 2021-11-19 12:26:37:539,Qayam
 2021-11-19 12:26:37:638,Qayam
 2021-11-19 12:26:37:739,Qayam
 2021-11-19 12:26:37:838,Qayam
 2021-11-19 12:26:37:938,Qayam
 2021-11-19 12:26:38:037,Qayam
 2021-11-19 12:26:38:136,Qayam
 2021-11-19 12:26:38:236,Qayam
 2021-11-19 12:26:38:336,Qayam
 2021-11-19 12:26:38:436,Qayam
 2021-11-19 12:26:38:535,Qayam
 2021-11-19 12:26:38:635,Qayam
 2021-11-19 12:26:38:734,Qayam
 2021-11-19 12:26:38:834,Qayam
 2021-11-19 12:26:38:934,Qayam
 2021-11-19 12:26:39:033,Qayam
 2021-11-19 12:26:39:133,Qayam
 2021-11-19 12:26:39:233,Qayam
 2021-11-19 12:26:39:332,Qayam
 2021-11-19 12:26:39:432,Qayam
 2021-11-19 12:26:39:532,Ruku
 2021-11-19 12:26:39:632,Ruku
 2021-11-19 12:26:39:731,Ruku
 2021-11-19 12:26:39:832,Ruku
 2021-11-19 12:26:39:931,Ruku
 2021-11-19 12:26:40:030,Ruku
 2021-11-19 12:26:40:130,Ruku
 2021-11-19 12:26:40:229,Ruku
 2021-11-19 12:26:40:329,Ruku
 2021-11-19 12:26:40:428,Ruku
 2021-11-19 12:26:40:527,Ruku
 2021-11-19 12:26:40:627,Ruku
 2021-11-19 12:26:40:728,Ruku
 2021-11-19 12:26:40:827,Ruku
 2021-11-19 12:26:40:926,Ruku
 2021-11-19 12:26:41:026,Ruku
 2021-11-19 12:26:41:126,Ruku
 2021-11-19 12:26:41:225,Ruku
 2021-11-19 12:26:41:325,Ruku
 2021-11-19 12:26:41:427,Ruku
 2021-11-19 12:26:41:528,Ruku
 2021-11-19 12:26:41:624,Ruku
 2021-11-19 12:26:41:725,Ruku
 2021-11-19 12:26:41:824,Ruku
 2021-11-19 12:26:41:925,Ruku
 2021-11-19 12:26:42:024,Ruku
 2021-11-19 12:26:42:125,Ruku
 2021-11-19 12:26:42:222,Ruku
 2021-11-19 12:26:42:321,Ruku
 2021-11-19 12:26:42:421,Ruku
 2021-11-19 12:26:42:520,Ruku
 2021-11-19 12:26:42:620,Ruku
 2021-11-19 12:26:42:721,Ruku
 2021-11-19 12:26:42:821,Ruku
 2021-11-19 12:26:42:918,Ruku
 2021-11-19 12:26:43:018,Ruku
 2021-11-19 12:26:43:118,Ruku
 2021-11-19 12:26:43:217,Ruku
 2021-11-19 12:26:43:317,Ruku
 2021-11-19 12:26:43:317,Qoum
 2021-11-19 12:26:43:516,Qoum
 2021-11-19 12:26:43:616,Qoum
 2021-11-19 12:26:43:716,Qoum
 2021-11-19 12:26:43:815,Qoum
 2021-11-19 12:26:43:915,Qoum
 2021-11-19 12:26:44:015,Qoum
 2021-11-19 12:26:44:115,Qoum
 2021-11-19 12:26:44:214,Qoum
 2021-11-19 12:26:44:314,Qoum
 2021-11-19 12:26:44:413,Qoum
 2021-11-19 12:26:44:512,Qoum
 2021-11-19 12:26:44:612,Qoum
 2021-11-19 12:26:44:711,Qoum
 2021-11-19 12:26:44:811,Qoum
 2021-11-19 12:26:44:911,Qoum
 2021-11-19 12:26:45:013,Qoum
 2021-11-19 12:26:45:109,Qoum
 2021-11-19 12:26:45:213,Qoum
 2021-11-19 12:26:45:309,Qoum
 2021-11-19 12:26:45:408,Qoum
 2021-11-19 12:26:45:508,Qoum
 2021-11-19 12:26:45:607,Qoum
 2021-11-19 12:26:45:707,Qoum
 2021-11-19 12:26:45:807,Qoum
 2021-11-19 12:26:45:906,Qoum
 2021-11-19 12:26:46:006,Qoum
 2021-11-19 12:26:46:106,Qoum
 2021-11-19 12:26:46:205,Qoum
 2021-11-19 12:26:46:305,Qoum
 2021-11-19 12:26:46:405,Qoum
 2021-11-19 12:26:46:521,Qoum
 2021-11-19 12:26:46:604,Qoum
 2021-11-19 12:26:46:703,Qoum
 2021-11-19 12:26:46:803,Qoum
 2021-11-19 12:26:46:902,Qoum
 2021-11-19 12:26:47:002,Qoum
 2021-11-19 12:26:47:101,Qoum
 2021-11-19 12:26:47:101,Sajda
 2021-11-19 12:26:47:301,Sajda
 2021-11-19 12:26:47:400,Sajda
 2021-11-19 12:26:47:500,Sajda
 2021-11-19 12:26:47:599,Sajda
 2021-11-19 12:26:47:698,Sajda
 2021-11-19 12:26:47:798,Sajda
 2021-11-19 12:26:47:902,Sajda
 2021-11-19 12:26:47:996,Sajda
 2021-11-19 12:26:48:096,Sajda
 2021-11-19 12:26:48:196,Sajda
 2021-11-19 12:26:48:295,Sajda
 2021-11-19 12:26:48:395,Sajda
 2021-11-19 12:26:48:495,Sajda
 2021-11-19 12:26:48:595,Sajda
 2021-11-19 12:26:48:694,Sajda
 2021-11-19 12:26:48:795,Sajda
 2021-11-19 12:26:48:893,Sajda
 2021-11-19 12:26:48:994,Sajda
 2021-11-19 12:26:49:093,Sajda
 2021-11-19 12:26:49:192,Sajda
 2021-11-19 12:26:49:292,Sajda
 2021-11-19 12:26:49:392,Sajda
 2021-11-19 12:26:49:491,Sajda
 2021-11-19 12:26:49:591,Sajda
 2021-11-19 12:26:49:690,Sajda
 2021-11-19 12:26:49:791,Sajda
 2021-11-19 12:26:49:894,Sajda
 2021-11-19 12:26:49:990,Sajda
 2021-11-19 12:26:50:090,Sajda
 2021-11-19 12:26:50:190,Sajda
 2021-11-19 12:26:50:288,Sajda
 2021-11-19 12:26:50:388,Sajda
 2021-11-19 12:26:50:488,Sajda
 2021-11-19 12:26:50:587,Sajda
 2021-11-19 12:26:50:687,Sajda
 2021-11-19 12:26:50:787,Sajda
 2021-11-19 12:26:50:897,Sajda
 2021-11-19 12:26:50:986,Sajda
 2021-11-19 12:26:51:087,Sajda
 2021-11-19 12:26:51:185,Sajda
 2021-11-19 12:26:51:284,Sajda
 2021-11-19 12:26:51:384,Sajda
 2021-11-19 12:26:51:484,Sajda
 2021-11-19 12:26:51:583,Sajda
 2021-11-19 12:26:51:683,Jalsa
 2021-11-19 12:26:51:782,Jalsa
 2021-11-19 12:26:51:893,Jalsa
 2021-11-19 12:26:51:981,Jalsa
 2021-11-19 12:26:52:082,Jalsa
 2021-11-19 12:26:52:180,Jalsa
 2021-11-19 12:26:52:280,Jalsa
 2021-11-19 12:26:52:380,Jalsa
 2021-11-19 12:26:52:479,Jalsa
 2021-11-19 12:26:52:579,Jalsa
 2021-11-19 12:26:52:683,Jalsa
 2021-11-19 12:26:52:778,Jalsa
 2021-11-19 12:26:52:892,Jalsa
 2021-11-19 12:26:52:978,Jalsa
 2021-11-19 12:26:53:078,Jalsa
 2021-11-19 12:26:53:177,Jalsa
 2021-11-19 12:26:53:279,Jalsa
 2021-11-19 12:26:53:376,Jalsa
 2021-11-19 12:26:53:475,Jalsa
 2021-11-19 12:26:53:575,Jalsa
 2021-11-19 12:26:53:674,Jalsa
 2021-11-19 12:26:53:774,Jalsa
 2021-11-19 12:26:53:894,Jalsa
 2021-11-19 12:26:53:973,Jalsa
 2021-11-19 12:26:54:072,Jalsa
 2021-11-19 12:26:54:172,Jalsa
 2021-11-19 12:26:54:271,Jalsa
 2021-11-19 12:26:54:372,Jalsa
 2021-11-19 12:26:54:372,Sajda
 2021-11-19 12:26:54:570,Sajda
 2021-11-19 12:26:54:670,Sajda
 2021-11-19 12:26:54:771,Sajda
 2021-11-19 12:26:54:896,Sajda
 2021-11-19 12:26:54:969,Sajda
 2021-11-19 12:26:55:069,Sajda
 2021-11-19 12:26:55:168,Sajda
 2021-11-19 12:26:55:268,Sajda
 2021-11-19 12:26:55:368,Sajda
 2021-11-19 12:26:55:467,Sajda
 2021-11-19 12:26:55:567,Sajda
 2021-11-19 12:26:55:667,Sajda
 2021-11-19 12:26:55:766,Sajda
 2021-11-19 12:26:55:899,Sajda
 2021-11-19 12:26:55:968,Sajda
 2021-11-19 12:26:56:064,Sajda
 2021-11-19 12:26:56:164,Sajda
 2021-11-19 12:26:56:264,Sajda
 2021-11-19 12:26:56:363,Sajda
 2021-11-19 12:26:56:463,Sajda
 2021-11-19 12:26:56:567,Sajda
 2021-11-19 12:26:56:663,Sajda
 2021-11-19 12:26:56:762,Sajda
 2021-11-19 12:26:56:862,Sajda
 2021-11-19 12:26:56:961,Sajda
 2021-11-19 12:26:57:060,Sajda
 2021-11-19 12:26:57:161,Sajda
 2021-11-19 12:26:57:260,Sajda
 2021-11-19 12:26:57:360,Sajda
 2021-11-19 12:26:57:460,Sajda
 2021-11-19 12:26:57:559,Sajda
 2021-11-19 12:26:57:659,Sajda
 2021-11-19 12:26:57:759,Sajda
 2021-11-19 12:26:57:858,Sajda
 2021-11-19 12:26:57:957,Sajda
 2021-11-19 12:26:58:057,Sajda
 2021-11-19 12:26:58:156,Sajda
 2021-11-19 12:26:58:256,Sajda
 2021-11-19 12:26:58:355,Sajda
 2021-11-19 12:26:58:454,Sajda
 2021-11-19 12:26:58:554,Sajda
 2021-11-19 12:26:58:654,Sajda
 2021-11-19 12:26:58:753,Sajda
 2021-11-19 12:26:58:853,Sajda
 2021-11-19 12:26:58:952,Sajda
 2021-11-19 12:26:59:052,Sajda
 2021-11-19 12:26:59:151,Sajda
 2021-11-19 12:26:59:251,Sajda
 2021-11-19 12:26:59:351,Sajda
 2021-11-19 12:26:59:450,Sajda
 2021-11-19 12:26:59:550,Sajda
 2021-11-19 12:26:59:650,Sajda
 2021-11-19 12:26:59:750,Sajda
 2021-11-19 12:26:59:850,Sajda
 2021-11-19 12:26:59:952,Sajda
 2021-11-19 12:27:00:054,Sajda
 2021-11-19 12:27:00:149,Sajda
 2021-11-19 12:27:00:248,Sajda
 2021-11-19 12:27:00:347,Sajda
 2021-11-19 12:27:00:448,Sajda
 2021-11-19 12:27:00:547,Tashahud
 2021-11-19 12:27:00:646,Tashahud
 2021-11-19 12:27:00:746,Tashahud
 2021-11-19 12:27:00:845,Tashahud
 2021-11-19 12:27:00:944,Tashahud
 2021-11-19 12:27:01:044,Tashahud
 2021-11-19 12:27:01:145,Tashahud
 2021-11-19 12:27:01:243,Tashahud
 2021-11-19 12:27:01:344,Tashahud
 2021-11-19 12:27:01:443,Tashahud
 2021-11-19 12:27:01:543,Tashahud
 2021-11-19 12:27:01:642,Tashahud
 2021-11-19 12:27:01:742,Tashahud
 2021-11-19 12:27:01:841,Tashahud
 2021-11-19 12:27:01:942,Tashahud
 2021-11-19 12:27:02:042,Tashahud
 2021-11-19 12:27:02:141,Tashahud
 2021-11-19 12:27:02:240,Tashahud
 2021-11-19 12:27:02:340,Tashahud
 2021-11-19 12:27:02:439,Tashahud
 2021-11-19 12:27:02:539,Tashahud
 2021-11-19 12:27:02:639,Tashahud
 2021-11-19 12:27:02:738,Tashahud
 2021-11-19 12:27:02:838,Tashahud
 2021-11-19 12:27:02:938,Tashahud
 2021-11-19 12:27:03:036,Tashahud
 2021-11-19 12:27:03:137,Tashahud
 2021-11-19 12:27:03:236,Tashahud
 2021-11-19 12:27:03:335,Tashahud
 2021-11-19 12:27:03:436,Tashahud
 2021-11-19 12:27:03:535,Tashahud
 2021-11-19 12:27:03:634,Tashahud
 2021-11-19 12:27:03:734,Tashahud
 2021-11-19 12:27:03:834,Tashahud
 2021-11-19 12:27:03:933,Tashahud
 2021-11-19 12:27:04:034,Tashahud
 2021-11-19 12:27:04:133,Tashahud
 2021-11-19 12:27:04:232,Tashahud
 2021-11-19 12:27:04:333,Tashahud
 2021-11-19 12:27:04:432,Tashahud
 2021-11-19 12:27:04:532,Tashahud
 2021-11-19 12:27:04:635,Tashahud
 2021-11-19 12:27:04:731,Tashahud
 2021-11-19 12:27:04:830,Tashahud
 2021-11-19 12:27:04:931,Tashahud
 2021-11-19 12:27:05:030,Tashahud
 2021-11-19 12:27:05:129,Tashahud
 2021-11-19 12:27:05:229,Tashahud
 2021-11-19 12:27:05:328,Tashahud
 2021-11-19 12:27:05:428,Tashahud
 2021-11-19 12:27:05:528,Tashahud
 2021-11-19 12:27:05:627,Tashahud
 2021-11-19 12:27:05:727,Tashahud
 2021-11-19 12:27:05:827,Tashahud
 2021-11-19 12:27:05:926,Tashahud
 2021-11-19 12:27:06:026,Tashahud
 2021-11-19 12:27:06:125,Tashahud
 2021-11-19 12:27:06:225,Tashahud
 2021-11-19 12:27:06:324,Tashahud
 2021-11-19 12:27:06:424,Tashahud
 2021-11-19 12:27:06:524,Tashahud
 2021-11-19 12:27:06:624,Tashahud
 2021-11-19 12:27:06:725,Tashahud
 2021-11-19 12:27:06:823,Tashahud
 2021-11-19 12:27:06:923,Tashahud
 2021-11-19 12:27:07:061,Tashahud
 2021-11-19 12:27:07:122,Tashahud
 2021-11-19 12:27:07:221,Tashahud
 2021-11-19 12:27:07:321,Tashahud
 2021-11-19 12:27:07:420,Tashahud
 2021-11-19 12:27:07:520,Tashahud
 2021-11-19 12:27:07:620,Tashahud
 2021-11-19 12:27:07:719,Tashahud
 2021-11-19 12:27:07:818,Tashahud
 2021-11-19 12:27:07:923,Tashahud
 2021-11-19 12:27:08:018,Tashahud
 2021-11-19 12:27:08:117,Tashahud
 2021-11-19 12:27:08:217,Tashahud
 2021-11-19 12:27:08:317,Tashahud
 2021-11-19 12:27:08:417,Tashahud
 2021-11-19 12:27:08:516,Tashahud
 2021-11-19 12:27:08:617,Tashahud
 2021-11-19 12:27:08:716,Tashahud
 2021-11-19 12:27:08:817,Tashahud
 2021-11-19 12:27:08:914,Tashahud
 2021-11-19 12:27:09:013,Tashahud
 2021-11-19 12:27:09:114,Tashahud
 2021-11-19 12:27:09:213,Tashahud
 2021-11-19 12:27:09:313,Tashahud
 2021-11-19 12:27:09:412,Tashahud
 2021-11-19 12:27:09:512,Tashahud
 2021-11-19 12:27:09:611,Tashahud
 2021-11-19 12:27:09:711,Tashahud
 2021-11-19 12:27:09:810,Tashahud
 2021-11-19 12:27:09:910,Tashahud
 2021-11-19 12:27:10:010,Tashahud
 2021-11-19 12:27:10:109,Tashahud
 2021-11-19 12:27:10:209,Tashahud
 2021-11-19 12:27:10:308,Tashahud
 2021-11-19 12:27:10:408,Tashahud
 2021-11-19 12:27:10:508,Tashahud
 2021-11-19 12:27:10:608,Tashahud
 2021-11-19 12:27:10:708,Tashahud
 2021-11-19 12:27:10:807,Tashahud
 2021-11-19 12:27:10:907,Tashahud
 2021-11-19 12:27:11:007,Tashahud
 2021-11-19 12:27:11:107,Tashahud
 2021-11-19 12:27:11:206,Tashahud
 2021-11-19 12:27:11:306,Tashahud
 2021-11-19 12:27:11:405,Tashahud
 2021-11-19 12:27:11:505,Tashahud
 2021-11-19 12:27:11:604,Tashahud
 2021-11-19 12:27:11:704,Tashahud
 2021-11-19 12:27:11:804,Tashahud
 2021-11-19 12:27:11:903,Tashahud
 2021-11-19 12:27:12:006,Tashahud
 2021-11-19 12:27:12:102,Tashahud
 2021-11-19 12:27:12:202,Tashahud
 2021-11-19 12:27:12:302,Tashahud
 2021-11-19 12:27:12:401,Tashahud
 2021-11-19 12:27:12:501,Tashahud
 2021-11-19 12:27:12:600,Tashahud
 2021-11-19 12:27:12:700,Tashahud
 2021-11-19 12:27:12:800,Tashahud
 2021-11-19 12:27:12:899,Tashahud
 2021-11-19 12:27:12:999,Tashahud
 2021-11-19 12:27:13:099,Tashahud
 2021-11-19 12:27:13:199,Tashahud
 2021-11-19 12:27:13:298,Tashahud
 2021-11-19 12:27:13:398,Tashahud
 2021-11-19 12:27:13:497,Tashahud
 2021-11-19 12:27:13:598,Tashahud
 2021-11-19 12:27:13:697,Tashahud
 2021-11-19 12:27:13:797,Tashahud
 2021-11-19 12:27:13:896,Tashahud
 2021-11-19 12:27:13:997,Tashahud
 2021-11-19 12:27:14:095,Tashahud
 2021-11-19 12:27:14:195,Tashahud
 2021-11-19 12:27:14:294,Tashahud
 2021-11-19 12:27:14:394,Tashahud
 2021-11-19 12:27:14:494,Tashahud
 2021-11-19 12:27:14:593,Tashahud
 2021-11-19 12:27:14:693,Tashahud
 2021-11-19 12:27:14:793,Tashahud
 2021-11-19 12:27:14:896,Tashahud
 2021-11-19 12:27:14:992,Tashahud
 2021-11-19 12:27:15:094,Tashahud
 2021-11-19 12:27:15:190,Tashahud
 2021-11-19 12:27:15:290,Tashahud
 2021-11-19 12:27:15:390,Tashahud
 2021-11-19 12:27:15:490,Tashahud
 2021-11-19 12:27:15:588,Tashahud
 2021-11-19 12:27:15:689,Tashahud
 2021-11-19 12:27:15:788,Tashahud
 2021-11-19 12:27:15:899,Tashahud
 2021-11-19 12:27:15:990,Tashahud
 2021-11-19 12:27:16:087,Tashahud
 2021-11-19 12:27:16:186,Tashahud
 2021-11-19 12:27:16:287,Tashahud
 2021-11-19 12:27:16:386,Tashahud
 2021-11-19 12:27:16:485,Tashahud
 2021-11-19 12:27:16:585,Tashahud
 2021-11-19 12:27:16:685,Tashahud
 2021-11-19 12:27:16:784,Tashahud
 2021-11-19 12:27:16:895,Tashahud
 2021-11-19 12:27:16:983,Tashahud
 2021-11-19 12:27:17:083,Tashahud
 2021-11-19 12:27:17:183,Tashahud
 2021-11-19 12:27:17:283,Tashahud
 2021-11-19 12:27:17:382,Tashahud
 2021-11-19 12:27:17:482,Tashahud
 2021-11-19 12:27:17:581,Tashahud
 2021-11-19 12:27:17:681,Tashahud
 2021-11-19 12:27:17:781,Tashahud
 2021-11-19 12:27:17:894,Tashahud
 2021-11-19 12:27:17:981,Tashahud
 2021-11-19 12:27:18:080,Tashahud
 2021-11-19 12:27:18:180,Tashahud
 2021-11-19 12:27:18:280,Tashahud
 2021-11-19 12:27:18:379,Tashahud
 2021-11-19 12:27:18:478,Tashahud
 2021-11-19 12:27:18:578,Tashahud
 2021-11-19 12:27:18:678,Tashahud
 2021-11-19 12:27:18:778,Tashahud
 2021-11-19 12:27:18:894,Tashahud
 2021-11-19 12:27:18:976,Tashahud
 2021-11-19 12:27:19:078,Tashahud
 2021-11-19 12:27:19:175,Tashahud
 2021-11-19 12:27:19:282,Tashahud
 2021-11-19 12:27:19:373,Tashahud
 2021-11-19 12:27:19:472,Tashahud
 2021-11-19 12:27:19:573,Tashahud
 2021-11-19 12:27:19:672,Tashahud
 2021-11-19 12:27:19:772,Tashahud
 2021-11-19 12:27:19:886,Tashahud
 2021-11-19 12:27:19:971,Tashahud
 2021-11-19 12:27:20:071,Tashahud
 2021-11-19 12:27:20:171,Tashahud
 2021-11-19 12:27:20:271,Tashahud
 2021-11-19 12:27:20:370,Tashahud
 2021-11-19 12:27:20:470,Tashahud
 2021-11-19 12:27:20:569,Tashahud
 2021-11-19 12:27:20:669,Tashahud
 2021-11-19 12:27:20:769,Tashahud
 2021-11-19 12:27:20:871,Tashahud
 2021-11-19 12:27:20:970,Tashahud
 2021-11-19 12:27:21:072,Tashahud
 2021-11-19 12:27:21:169,Tashahud
 2021-11-19 12:27:21:265,Tashahud
 2021-11-19 12:27:21:366,Tashahud
 2021-11-19 12:27:21:465,Tashahud
 2021-11-19 12:27:21:565,Tashahud
 2021-11-19 12:27:21:664,Tashahud
 2021-11-19 12:27:21:763,Tashahud
 2021-11-19 12:27:21:863,Tashahud
 2021-11-19 12:27:21:965,Tashahud
 2021-11-19 12:27:22:062,Tashahud
 2021-11-19 12:27:22:162,Tashahud
 2021-11-19 12:27:22:262,Tashahud
 2021-11-19 12:27:22:361,Tashahud
 2021-11-19 12:27:22:461,Tashahud
 2021-11-19 12:27:22:561,Tashahud
 2021-11-19 12:27:22:660,Tashahud
 2021-11-19 12:27:22:760,Tashahud
 2021-11-19 12:27:22:860,Tashahud
 2021-11-19 12:27:22:960,Tashahud
 2021-11-19 12:27:23:059,Tashahud
 2021-11-19 12:27:23:160,Tashahud
 2021-11-19 12:27:23:261,Tashahud
 2021-11-19 12:27:23:358,Tashahud
 2021-11-19 12:27:23:461,Tashahud
 2021-11-19 12:27:23:557,Tashahud
 2021-11-19 12:27:23:657,Tashahud
 2021-11-19 12:27:23:756,Tashahud
 2021-11-19 12:27:23:857,Tashahud
 2021-11-19 12:27:23:957,Tashahud
 2021-11-19 12:27:24:055,Tashahud
 2021-11-19 12:27:24:155,Tashahud
 2021-11-19 12:27:24:254,Tashahud
 2021-11-19 12:27:24:355,Tashahud
 2021-11-19 12:27:24:454,Tashahud
 2021-11-19 12:27:24:554,Tashahud
 2021-11-19 12:27:24:654,Tashahud
 2021-11-19 12:27:24:979,Tashahud
 2021-11-19 12:27:24:979,Tashahud
 2021-11-19 12:27:24:979,Tashahud
 2021-11-19 12:27:25:052,Tashahud
 2021-11-19 12:27:25:153,Tashahud
 2021-11-19 12:27:25:254,Tashahud
 2021-11-19 12:27:25:351,Tashahud
 2021-11-19 12:27:25:450,Tashahud
 2021-11-19 12:27:25:549,Tashahud
 2021-11-19 12:27:25:658,Tashahud
 2021-11-19 12:27:25:755,Tashahud
 2021-11-19 12:27:25:847,Tashahud
 2021-11-19 12:27:25:947,Tashahud
 2021-11-19 12:27:26:047,Tashahud
 2021-11-19 12:27:26:146,Tashahud
 2021-11-19 12:27:26:246,Tashahud
 2021-11-19 12:27:26:346,Tashahud
 2021-11-19 12:27:26:446,Tashahud
 2021-11-19 12:27:26:545,Tashahud
 2021-11-19 12:27:26:643,Tashahud
 2021-11-19 12:27:26:832,Tashahud
 2021-11-19 12:27:26:842,Tashahud
 2021-11-19 12:27:27:018,Tashahud
 2021-11-19 12:27:27:249,Tashahud
 2021-11-19 12:27:27:250,Tashahud
 2021-11-19 12:27:27:251,Tashahud
 2021-11-19 12:27:27:397,Tashahud
 2021-11-19 12:27:27:439,Tashahud
 2021-11-19 12:27:27:539,Tashahud
 2021-11-19 12:27:27:638,Tashahud
 2021-11-19 12:27:27:738,Tashahud
 2021-11-19 12:27:27:837,Tashahud
 2021-11-19 12:27:27:937,Tashahud
 2021-11-19 12:27:28:036,Tashahud
 2021-11-19 12:27:28:135,Tashahud
 2021-11-19 12:27:28:235,Tashahud
 2021-11-19 12:27:28:334,Tashahud
 2021-11-19 12:27:28:434,Tashahud
 2021-11-19 12:27:28:533,Tashahud
 2021-11-19 12:27:28:632,Tashahud
 2021-11-19 12:27:28:733,Tashahud
 2021-11-19 12:27:28:833,Tashahud
 2021-11-19 12:27:28:932,Tashahud
 2021-11-19 12:27:29:031,Tashahud
