 2021-11-25 09:03:27:865,Takbir
 2021-11-25 09:03:27:964,Takbir
 2021-11-25 09:03:28:064,Takbir
 2021-11-25 09:03:28:164,Takbir
 2021-11-25 09:03:28:262,Takbir
 2021-11-25 09:03:28:362,Takbir
 2021-11-25 09:03:28:461,Takbir
 2021-11-25 09:03:28:560,Takbir
 2021-11-25 09:03:28:660,Takbir
 2021-11-25 09:03:28:759,Takbir
 2021-11-25 09:03:28:858,Takbir
 2021-11-25 09:03:28:957,Takbir
 2021-11-25 09:03:29:057,Takbir
 2021-11-25 09:03:29:156,Takbir
 2021-11-25 09:03:29:257,Takbir
 2021-11-25 09:03:29:355,Takbir
 2021-11-25 09:03:29:355,Qayam
 2021-11-25 09:03:29:554,Qayam
 2021-11-25 09:03:29:653,Qayam
 2021-11-25 09:03:29:753,Qayam
 2021-11-25 09:03:29:852,Qayam
 2021-11-25 09:03:29:952,Qayam
 2021-11-25 09:03:30:051,Qayam
 2021-11-25 09:03:30:151,Qayam
 2021-11-25 09:03:30:251,Qayam
 2021-11-25 09:03:30:350,Qayam
 2021-11-25 09:03:30:449,Qayam
 2021-11-25 09:03:30:549,Qayam
 2021-11-25 09:03:30:648,Qayam
 2021-11-25 09:03:30:747,Qayam
 2021-11-25 09:03:30:847,Qayam
 2021-11-25 09:03:30:945,Qayam
 2021-11-25 09:03:31:045,Qayam
 2021-11-25 09:03:31:145,Qayam
 2021-11-25 09:03:31:243,Qayam
 2021-11-25 09:03:31:343,Qayam
 2021-11-25 09:03:31:444,Qayam
 2021-11-25 09:03:31:542,Qayam
 2021-11-25 09:03:31:642,Qayam
 2021-11-25 09:03:31:741,Qayam
 2021-11-25 09:03:31:840,Qayam
 2021-11-25 09:03:31:940,Qayam
 2021-11-25 09:03:32:041,Qayam
 2021-11-25 09:03:32:139,Qayam
 2021-11-25 09:03:32:239,Qayam
 2021-11-25 09:03:32:338,Qayam
 2021-11-25 09:03:32:438,Qayam
 2021-11-25 09:03:32:537,Qayam
 2021-11-25 09:03:32:639,Qayam
 2021-11-25 09:03:32:736,Qayam
 2021-11-25 09:03:32:838,Qayam
 2021-11-25 09:03:32:935,Qayam
 2021-11-25 09:03:33:034,Qayam
 2021-11-25 09:03:33:133,Qayam
 2021-11-25 09:03:33:233,Qayam
 2021-11-25 09:03:33:332,Qayam
 2021-11-25 09:03:33:431,Qayam
 2021-11-25 09:03:33:531,Qayam
 2021-11-25 09:03:33:630,Qayam
 2021-11-25 09:03:33:730,Qayam
 2021-11-25 09:03:33:829,Qayam
 2021-11-25 09:03:33:928,Qayam
 2021-11-25 09:03:34:027,Qayam
 2021-11-25 09:03:34:127,Qayam
 2021-11-25 09:03:34:226,Qayam
 2021-11-25 09:03:34:326,Qayam
 2021-11-25 09:03:34:426,Qayam
 2021-11-25 09:03:34:525,Qayam
 2021-11-25 09:03:34:624,Qayam
 2021-11-25 09:03:34:725,Qayam
 2021-11-25 09:03:34:823,Qayam
 2021-11-25 09:03:34:924,Qayam
 2021-11-25 09:03:35:022,Qayam
 2021-11-25 09:03:35:121,Qayam
 2021-11-25 09:03:35:220,Qayam
 2021-11-25 09:03:35:320,Qayam
 2021-11-25 09:03:35:419,Qayam
 2021-11-25 09:03:35:518,Qayam
 2021-11-25 09:03:35:618,Qayam
 2021-11-25 09:03:35:716,Qayam
 2021-11-25 09:03:35:816,Qayam
 2021-11-25 09:03:35:919,Qayam
 2021-11-25 09:03:36:015,Qayam
 2021-11-25 09:03:36:114,Qayam
 2021-11-25 09:03:36:214,Qayam
 2021-11-25 09:03:36:314,Qayam
 2021-11-25 09:03:36:413,Qayam
 2021-11-25 09:03:36:513,Qayam
 2021-11-25 09:03:36:613,Qayam
 2021-11-25 09:03:36:711,Qayam
 2021-11-25 09:03:36:810,Qayam
 2021-11-25 09:03:36:910,Qayam
 2021-11-25 09:03:37:010,Qayam
 2021-11-25 09:03:37:109,Qayam
 2021-11-25 09:03:37:208,Qayam
 2021-11-25 09:03:37:307,Qayam
 2021-11-25 09:03:37:407,Qayam
 2021-11-25 09:03:37:506,Qayam
 2021-11-25 09:03:37:605,Qayam
 2021-11-25 09:03:37:705,Qayam
 2021-11-25 09:03:37:804,Qayam
 2021-11-25 09:03:37:904,Qayam
 2021-11-25 09:03:38:004,Qayam
 2021-11-25 09:03:38:103,Qayam
 2021-11-25 09:03:38:202,Qayam
 2021-11-25 09:03:38:301,Qayam
 2021-11-25 09:03:38:301,Ruku
 2021-11-25 09:03:38:500,Ruku
 2021-11-25 09:03:38:599,Ruku
 2021-11-25 09:03:38:700,Ruku
 2021-11-25 09:03:38:798,Ruku
 2021-11-25 09:03:38:898,Ruku
 2021-11-25 09:03:38:997,Ruku
 2021-11-25 09:03:39:097,Ruku
 2021-11-25 09:03:39:197,Ruku
 2021-11-25 09:03:39:296,Ruku
 2021-11-25 09:03:39:395,Ruku
 2021-11-25 09:03:39:495,Ruku
 2021-11-25 09:03:39:594,Ruku
 2021-11-25 09:03:39:693,Ruku
 2021-11-25 09:03:39:794,Ruku
 2021-11-25 09:03:39:892,Ruku
 2021-11-25 09:03:39:991,Ruku
 2021-11-25 09:03:40:091,Ruku
 2021-11-25 09:03:40:190,Ruku
 2021-11-25 09:03:40:289,Ruku
 2021-11-25 09:03:40:389,Ruku
 2021-11-25 09:03:40:489,Qoum
 2021-11-25 09:03:40:587,Qoum
 2021-11-25 09:03:40:687,Qoum
 2021-11-25 09:03:40:786,Qoum
 2021-11-25 09:03:40:886,Qoum
 2021-11-25 09:03:40:986,Qoum
 2021-11-25 09:03:41:085,Qoum
 2021-11-25 09:03:41:185,Qoum
 2021-11-25 09:03:41:284,Qoum
 2021-11-25 09:03:41:383,Qoum
 2021-11-25 09:03:41:483,Qoum
 2021-11-25 09:03:41:583,Qoum
 2021-11-25 09:03:41:685,Qoum
 2021-11-25 09:03:41:782,Qoum
 2021-11-25 09:03:41:881,Qoum
 2021-11-25 09:03:41:980,Qoum
 2021-11-25 09:03:42:079,Qoum
 2021-11-25 09:03:42:179,Qoum
 2021-11-25 09:03:42:278,Qoum
 2021-11-25 09:03:42:377,Qoum
 2021-11-25 09:03:42:477,Qoum
 2021-11-25 09:03:42:576,Qoum
 2021-11-25 09:03:42:691,Qoum
 2021-11-25 09:03:42:776,Qoum
 2021-11-25 09:03:42:874,Qoum
 2021-11-25 09:03:42:973,Qoum
 2021-11-25 09:03:43:073,Qoum
 2021-11-25 09:03:43:173,Qoum
 2021-11-25 09:03:43:272,Qoum
 2021-11-25 09:03:43:372,Qoum
 2021-11-25 09:03:43:471,Qoum
 2021-11-25 09:03:43:570,Sajda
 2021-11-25 09:03:43:685,Sajda
 2021-11-25 09:03:43:770,Sajda
 2021-11-25 09:03:43:869,Sajda
 2021-11-25 09:03:43:970,Sajda
 2021-11-25 09:03:44:068,Sajda
 2021-11-25 09:03:44:167,Sajda
 2021-11-25 09:03:44:267,Sajda
 2021-11-25 09:03:44:366,Sajda
 2021-11-25 09:03:44:466,Sajda
 2021-11-25 09:03:44:565,Sajda
 2021-11-25 09:03:44:684,Sajda
 2021-11-25 09:03:44:763,Sajda
 2021-11-25 09:03:44:863,Sajda
 2021-11-25 09:03:44:962,Sajda
 2021-11-25 09:03:45:062,Sajda
 2021-11-25 09:03:45:161,Sajda
 2021-11-25 09:03:45:260,Sajda
 2021-11-25 09:03:45:359,Sajda
 2021-11-25 09:03:45:459,Sajda
 2021-11-25 09:03:45:558,Sajda
 2021-11-25 09:03:45:657,Sajda
 2021-11-25 09:03:45:757,Sajda
 2021-11-25 09:03:45:856,Sajda
 2021-11-25 09:03:45:956,Sajda
 2021-11-25 09:03:46:056,Sajda
 2021-11-25 09:03:46:173,Jalsa
 2021-11-25 09:03:46:254,Jalsa
 2021-11-25 09:03:46:354,Jalsa
 2021-11-25 09:03:46:453,Jalsa
 2021-11-25 09:03:46:552,Jalsa
 2021-11-25 09:03:46:652,Jalsa
 2021-11-25 09:03:46:751,Jalsa
 2021-11-25 09:03:46:850,Jalsa
 2021-11-25 09:03:46:950,Jalsa
 2021-11-25 09:03:47:048,Jalsa
 2021-11-25 09:03:47:148,Jalsa
 2021-11-25 09:03:47:252,Jalsa
 2021-11-25 09:03:47:347,Jalsa
 2021-11-25 09:03:47:446,Jalsa
 2021-11-25 09:03:47:546,Jalsa
 2021-11-25 09:03:47:645,Jalsa
 2021-11-25 09:03:47:745,Jalsa
 2021-11-25 09:03:47:845,Jalsa
 2021-11-25 09:03:47:945,Sajda
 2021-11-25 09:03:48:044,Sajda
 2021-11-25 09:03:48:144,Sajda
 2021-11-25 09:03:48:245,Sajda
 2021-11-25 09:03:48:342,Sajda
 2021-11-25 09:03:48:442,Sajda
 2021-11-25 09:03:48:542,Sajda
 2021-11-25 09:03:48:641,Sajda
 2021-11-25 09:03:48:740,Sajda
 2021-11-25 09:03:48:839,Sajda
 2021-11-25 09:03:48:939,Sajda
 2021-11-25 09:03:49:039,Sajda
 2021-11-25 09:03:49:137,Sajda
 2021-11-25 09:03:49:236,Sajda
 2021-11-25 09:03:49:336,Sajda
 2021-11-25 09:03:49:435,Sajda
 2021-11-25 09:03:49:535,Sajda
 2021-11-25 09:03:49:634,Sajda
 2021-11-25 09:03:49:734,Sajda
 2021-11-25 09:03:49:833,Sajda
 2021-11-25 09:03:49:933,Sajda
 2021-11-25 09:03:50:032,Sajda
 2021-11-25 09:03:50:132,Sajda
 2021-11-25 09:03:50:132,Jalsa
 2021-11-25 09:03:50:330,Jalsa
 2021-11-25 09:03:50:430,Jalsa
 2021-11-25 09:03:50:530,Jalsa
 2021-11-25 09:03:50:629,Jalsa
 2021-11-25 09:03:50:729,Jalsa
 2021-11-25 09:03:50:828,Jalsa
 2021-11-25 09:03:50:927,Jalsa
 2021-11-25 09:03:51:027,Jalsa
 2021-11-25 09:03:51:126,Jalsa
 2021-11-25 09:03:51:225,Jalsa
 2021-11-25 09:03:51:325,Jalsa
 2021-11-25 09:03:51:424,Jalsa
 2021-11-25 09:03:51:523,Jalsa
 2021-11-25 09:03:51:622,Jalsa
 2021-11-25 09:03:51:722,Jalsa
 2021-11-25 09:03:51:822,Jalsa
 2021-11-25 09:03:51:921,Jalsa
 2021-11-25 09:03:52:021,Jalsa
 2021-11-25 09:03:52:140,Jalsa
 2021-11-25 09:03:52:219,Jalsa
 2021-11-25 09:03:52:319,Jalsa
 2021-11-25 09:03:52:418,Jalsa
 2021-11-25 09:03:52:518,Jalsa
 2021-11-25 09:03:52:618,Jalsa
 2021-11-25 09:03:52:717,Jalsa
 2021-11-25 09:03:52:816,Jalsa
 2021-11-25 09:03:52:917,Jalsa
 2021-11-25 09:03:53:015,Jalsa
 2021-11-25 09:03:53:115,Jalsa
 2021-11-25 09:03:53:214,Jalsa
 2021-11-25 09:03:53:313,Jalsa
 2021-11-25 09:03:53:413,Jalsa
 2021-11-25 09:03:53:512,Jalsa
 2021-11-25 09:03:53:611,Jalsa
 2021-11-25 09:03:53:710,Jalsa
 2021-11-25 09:03:53:810,Jalsa
 2021-11-25 09:03:53:909,Jalsa
 2021-11-25 09:03:54:009,Jalsa
 2021-11-25 09:03:54:109,Jalsa
 2021-11-25 09:03:54:109,Qayam
 2021-11-25 09:03:54:307,Qayam
 2021-11-25 09:03:54:407,Qayam
 2021-11-25 09:03:54:506,Qayam
 2021-11-25 09:03:54:606,Qayam
 2021-11-25 09:03:54:706,Qayam
 2021-11-25 09:03:54:805,Qayam
 2021-11-25 09:03:54:905,Qayam
 2021-11-25 09:03:55:005,Qayam
 2021-11-25 09:03:55:105,Qayam
 2021-11-25 09:03:55:203,Qayam
 2021-11-25 09:03:55:305,Qayam
 2021-11-25 09:03:55:402,Qayam
 2021-11-25 09:03:55:501,Qayam
 2021-11-25 09:03:55:601,Qayam
 2021-11-25 09:03:55:700,Qayam
 2021-11-25 09:03:55:799,Qayam
 2021-11-25 09:03:55:899,Qayam
 2021-11-25 09:03:55:998,Qayam
 2021-11-25 09:03:56:096,Qayam
 2021-11-25 09:03:56:196,Qayam
 2021-11-25 09:03:56:300,Qayam
 2021-11-25 09:03:56:396,Qayam
 2021-11-25 09:03:56:494,Qayam
 2021-11-25 09:03:56:596,Qayam
 2021-11-25 09:03:56:693,Qayam
 2021-11-25 09:03:56:793,Qayam
 2021-11-25 09:03:56:897,Qayam
 2021-11-25 09:03:56:992,Qayam
 2021-11-25 09:03:57:092,Qayam
 2021-11-25 09:03:57:194,Qayam
 2021-11-25 09:03:57:291,Qayam
 2021-11-25 09:03:57:390,Qayam
 2021-11-25 09:03:57:490,Qayam
 2021-11-25 09:03:57:589,Qayam
 2021-11-25 09:03:57:702,Qayam
 2021-11-25 09:03:57:787,Qayam
 2021-11-25 09:03:57:887,Qayam
 2021-11-25 09:03:57:987,Qayam
 2021-11-25 09:03:58:086,Qayam
 2021-11-25 09:03:58:187,Qayam
 2021-11-25 09:03:58:288,Qayam
 2021-11-25 09:03:58:383,Qayam
 2021-11-25 09:03:58:483,Qayam
 2021-11-25 09:03:58:586,Qayam
 2021-11-25 09:03:58:683,Qayam
 2021-11-25 09:03:58:781,Qayam
 2021-11-25 09:03:58:881,Qayam
 2021-11-25 09:03:58:980,Qayam
 2021-11-25 09:03:59:079,Qayam
 2021-11-25 09:03:59:179,Qayam
 2021-11-25 09:03:59:278,Qayam
 2021-11-25 09:03:59:378,Qayam
 2021-11-25 09:03:59:478,Qayam
 2021-11-25 09:03:59:577,Qayam
 2021-11-25 09:03:59:686,Qayam
 2021-11-25 09:03:59:777,Qayam
 2021-11-25 09:03:59:877,Qayam
 2021-11-25 09:03:59:975,Qayam
 2021-11-25 09:04:00:075,Qayam
 2021-11-25 09:04:00:174,Qayam
 2021-11-25 09:04:00:274,Qayam
 2021-11-25 09:04:00:377,Qayam
 2021-11-25 09:04:00:472,Qayam
 2021-11-25 09:04:00:571,Qayam
 2021-11-25 09:04:00:687,Qayam
 2021-11-25 09:04:00:770,Qayam
 2021-11-25 09:04:00:870,Qayam
 2021-11-25 09:04:00:970,Qayam
 2021-11-25 09:04:01:068,Qayam
 2021-11-25 09:04:01:168,Qayam
 2021-11-25 09:04:01:268,Qayam
 2021-11-25 09:04:01:367,Qayam
 2021-11-25 09:04:01:466,Qayam
 2021-11-25 09:04:01:566,Qayam
 2021-11-25 09:04:01:684,Qayam
 2021-11-25 09:04:01:765,Qayam
 2021-11-25 09:04:01:866,Qayam
 2021-11-25 09:04:01:964,Qayam
 2021-11-25 09:04:02:064,Qayam
 2021-11-25 09:04:02:163,Qayam
 2021-11-25 09:04:02:262,Qayam
 2021-11-25 09:04:02:362,Qayam
 2021-11-25 09:04:02:461,Qayam
 2021-11-25 09:04:02:560,Qayam
 2021-11-25 09:04:02:686,Qayam
 2021-11-25 09:04:02:759,Qayam
 2021-11-25 09:04:02:858,Qayam
 2021-11-25 09:04:02:957,Qayam
 2021-11-25 09:04:03:057,Qayam
 2021-11-25 09:04:03:157,Qayam
 2021-11-25 09:04:03:255,Qayam
 2021-11-25 09:04:03:355,Qayam
 2021-11-25 09:04:03:455,Qayam
 2021-11-25 09:04:03:556,Qayam
 2021-11-25 09:04:03:653,Qayam
 2021-11-25 09:04:03:754,Qayam
 2021-11-25 09:04:03:852,Qayam
 2021-11-25 09:04:03:952,Qayam
 2021-11-25 09:04:04:051,Qayam
 2021-11-25 09:04:04:150,Qayam
 2021-11-25 09:04:04:250,Qayam
 2021-11-25 09:04:04:350,Qayam
 2021-11-25 09:04:04:449,Qayam
 2021-11-25 09:04:04:549,Qayam
 2021-11-25 09:04:04:647,Qayam
 2021-11-25 09:04:04:747,Qayam
 2021-11-25 09:04:04:846,Qayam
 2021-11-25 09:04:04:946,Qayam
 2021-11-25 09:04:05:045,Qayam
 2021-11-25 09:04:05:045,Ruku
 2021-11-25 09:04:05:243,Ruku
 2021-11-25 09:04:05:343,Ruku
 2021-11-25 09:04:05:444,Ruku
 2021-11-25 09:04:05:542,Ruku
 2021-11-25 09:04:05:642,Ruku
 2021-11-25 09:04:05:742,Ruku
 2021-11-25 09:04:05:841,Ruku
 2021-11-25 09:04:05:941,Ruku
 2021-11-25 09:04:06:040,Ruku
 2021-11-25 09:04:06:139,Ruku
 2021-11-25 09:04:06:239,Ruku
 2021-11-25 09:04:06:339,Ruku
 2021-11-25 09:04:06:437,Ruku
 2021-11-25 09:04:06:538,Ruku
 2021-11-25 09:04:06:638,Ruku
 2021-11-25 09:04:06:736,Ruku
 2021-11-25 09:04:06:835,Ruku
 2021-11-25 09:04:06:935,Ruku
 2021-11-25 09:04:07:034,Ruku
 2021-11-25 09:04:07:133,Ruku
 2021-11-25 09:04:07:233,Ruku
 2021-11-25 09:04:07:332,Qoum
 2021-11-25 09:04:07:431,Qoum
 2021-11-25 09:04:07:530,Qoum
 2021-11-25 09:04:07:630,Qoum
 2021-11-25 09:04:07:730,Qoum
 2021-11-25 09:04:07:830,Qoum
 2021-11-25 09:04:07:928,Qoum
 2021-11-25 09:04:08:028,Qoum
 2021-11-25 09:04:08:128,Qoum
 2021-11-25 09:04:08:227,Qoum
 2021-11-25 09:04:08:327,Qoum
 2021-11-25 09:04:08:426,Qoum
 2021-11-25 09:04:08:526,Qoum
 2021-11-25 09:04:08:625,Qoum
 2021-11-25 09:04:08:725,Qoum
 2021-11-25 09:04:08:824,Qoum
 2021-11-25 09:04:08:924,Qoum
 2021-11-25 09:04:09:023,Qoum
 2021-11-25 09:04:09:122,Qoum
 2021-11-25 09:04:09:222,Qoum
 2021-11-25 09:04:09:322,Qoum
 2021-11-25 09:04:09:420,Qoum
 2021-11-25 09:04:09:519,Qoum
 2021-11-25 09:04:09:619,Qoum
 2021-11-25 09:04:09:718,Qoum
 2021-11-25 09:04:09:817,Qoum
 2021-11-25 09:04:09:921,Qoum
 2021-11-25 09:04:10:017,Qoum
 2021-11-25 09:04:10:116,Qoum
 2021-11-25 09:04:10:217,Qoum
 2021-11-25 09:04:10:315,Qoum
 2021-11-25 09:04:10:414,Qoum
 2021-11-25 09:04:10:516,Qoum
 2021-11-25 09:04:10:613,Qoum
 2021-11-25 09:04:10:713,Qoum
 2021-11-25 09:04:10:713,Sajda
 2021-11-25 09:04:10:913,Sajda
 2021-11-25 09:04:11:012,Sajda
 2021-11-25 09:04:11:111,Sajda
 2021-11-25 09:04:11:211,Sajda
 2021-11-25 09:04:11:310,Sajda
 2021-11-25 09:04:11:410,Sajda
 2021-11-25 09:04:11:510,Sajda
 2021-11-25 09:04:11:608,Sajda
 2021-11-25 09:04:11:708,Sajda
 2021-11-25 09:04:11:807,Sajda
 2021-11-25 09:04:11:907,Sajda
 2021-11-25 09:04:12:006,Sajda
 2021-11-25 09:04:12:105,Sajda
 2021-11-25 09:04:12:205,Sajda
 2021-11-25 09:04:12:305,Sajda
 2021-11-25 09:04:12:403,Sajda
 2021-11-25 09:04:12:503,Sajda
 2021-11-25 09:04:12:603,Sajda
 2021-11-25 09:04:12:702,Sajda
 2021-11-25 09:04:12:802,Sajda
 2021-11-25 09:04:12:902,Sajda
 2021-11-25 09:04:13:001,Sajda
 2021-11-25 09:04:13:101,Sajda
 2021-11-25 09:04:13:101,Jalsa
 2021-11-25 09:04:13:299,Jalsa
 2021-11-25 09:04:13:400,Jalsa
 2021-11-25 09:04:13:499,Jalsa
 2021-11-25 09:04:13:599,Jalsa
 2021-11-25 09:04:13:699,Jalsa
 2021-11-25 09:04:13:797,Jalsa
 2021-11-25 09:04:13:896,Jalsa
 2021-11-25 09:04:13:997,Jalsa
 2021-11-25 09:04:14:095,Jalsa
 2021-11-25 09:04:14:194,Jalsa
 2021-11-25 09:04:14:294,Jalsa
 2021-11-25 09:04:14:394,Jalsa
 2021-11-25 09:04:14:493,Jalsa
 2021-11-25 09:04:14:592,Jalsa
 2021-11-25 09:04:14:692,Jalsa
 2021-11-25 09:04:14:791,Jalsa
 2021-11-25 09:04:14:891,Jalsa
 2021-11-25 09:04:14:990,Jalsa
 2021-11-25 09:04:15:090,Jalsa
 2021-11-25 09:04:15:190,Sajda
 2021-11-25 09:04:15:289,Sajda
 2021-11-25 09:04:15:389,Sajda
 2021-11-25 09:04:15:488,Sajda
 2021-11-25 09:04:15:588,Sajda
 2021-11-25 09:04:15:703,Sajda
 2021-11-25 09:04:15:787,Sajda
 2021-11-25 09:04:15:887,Sajda
 2021-11-25 09:04:15:986,Sajda
 2021-11-25 09:04:16:085,Sajda
 2021-11-25 09:04:16:184,Sajda
 2021-11-25 09:04:16:283,Sajda
 2021-11-25 09:04:16:383,Sajda
 2021-11-25 09:04:16:482,Sajda
 2021-11-25 09:04:16:581,Sajda
 2021-11-25 09:04:16:686,Sajda
 2021-11-25 09:04:16:782,Sajda
 2021-11-25 09:04:16:880,Sajda
 2021-11-25 09:04:16:978,Sajda
 2021-11-25 09:04:17:079,Sajda
 2021-11-25 09:04:17:178,Tashahud
 2021-11-25 09:04:17:277,Tashahud
 2021-11-25 09:04:17:377,Tashahud
 2021-11-25 09:04:17:476,Tashahud
 2021-11-25 09:04:17:576,Tashahud
 2021-11-25 09:04:17:676,Tashahud
 2021-11-25 09:04:17:775,Tashahud
 2021-11-25 09:04:17:875,Tashahud
 2021-11-25 09:04:17:976,Tashahud
 2021-11-25 09:04:18:074,Tashahud
 2021-11-25 09:04:18:173,Tashahud
 2021-11-25 09:04:18:273,Tashahud
 2021-11-25 09:04:18:371,Tashahud
 2021-11-25 09:04:18:471,Tashahud
 2021-11-25 09:04:18:571,Tashahud
 2021-11-25 09:04:18:684,Tashahud
 2021-11-25 09:04:18:770,Tashahud
 2021-11-25 09:04:18:871,Tashahud
 2021-11-25 09:04:18:968,Tashahud
 2021-11-25 09:04:19:068,Tashahud
 2021-11-25 09:04:19:167,Tashahud
 2021-11-25 09:04:19:267,Tashahud
 2021-11-25 09:04:19:366,Tashahud
 2021-11-25 09:04:19:466,Tashahud
 2021-11-25 09:04:19:565,Tashahud
 2021-11-25 09:04:19:682,Tashahud
 2021-11-25 09:04:19:765,Tashahud
 2021-11-25 09:04:19:864,Tashahud
 2021-11-25 09:04:19:963,Tashahud
 2021-11-25 09:04:20:063,Tashahud
 2021-11-25 09:04:20:162,Tashahud
 2021-11-25 09:04:20:262,Tashahud
 2021-11-25 09:04:20:362,Tashahud
 2021-11-25 09:04:20:461,Tashahud
 2021-11-25 09:04:20:563,Tashahud
 2021-11-25 09:04:20:687,Tashahud
 2021-11-25 09:04:20:759,Tashahud
 2021-11-25 09:04:20:858,Tashahud
 2021-11-25 09:04:20:958,Tashahud
 2021-11-25 09:04:21:057,Tashahud
 2021-11-25 09:04:21:156,Tashahud
 2021-11-25 09:04:21:260,Tashahud
 2021-11-25 09:04:21:356,Tashahud
 2021-11-25 09:04:21:454,Tashahud
 2021-11-25 09:04:21:554,Tashahud
 2021-11-25 09:04:21:653,Tashahud
 2021-11-25 09:04:21:753,Tashahud
 2021-11-25 09:04:21:853,Tashahud
 2021-11-25 09:04:21:952,Tashahud
 2021-11-25 09:04:22:052,Tashahud
 2021-11-25 09:04:22:152,Tashahud
 2021-11-25 09:04:22:251,Tashahud
 2021-11-25 09:04:22:350,Tashahud
 2021-11-25 09:04:22:450,Tashahud
 2021-11-25 09:04:22:550,Tashahud
 2021-11-25 09:04:22:648,Tashahud
 2021-11-25 09:04:22:749,Tashahud
 2021-11-25 09:04:22:847,Tashahud
 2021-11-25 09:04:22:947,Tashahud
 2021-11-25 09:04:23:047,Tashahud
 2021-11-25 09:04:23:146,Tashahud
 2021-11-25 09:04:23:245,Tashahud
 2021-11-25 09:04:23:345,Tashahud
 2021-11-25 09:04:23:443,Tashahud
 2021-11-25 09:04:23:544,Tashahud
 2021-11-25 09:04:23:643,Tashahud
 2021-11-25 09:04:23:742,Tashahud
 2021-11-25 09:04:23:841,Tashahud
 2021-11-25 09:04:23:941,Tashahud
 2021-11-25 09:04:24:041,Tashahud
 2021-11-25 09:04:24:140,Tashahud
 2021-11-25 09:04:24:240,Tashahud
 2021-11-25 09:04:24:341,Tashahud
 2021-11-25 09:04:24:443,Tashahud
 2021-11-25 09:04:24:540,Tashahud
 2021-11-25 09:04:24:638,Tashahud
 2021-11-25 09:04:24:738,Tashahud
 2021-11-25 09:04:24:838,Tashahud
 2021-11-25 09:04:24:936,Tashahud
 2021-11-25 09:04:25:036,Tashahud
 2021-11-25 09:04:25:135,Tashahud
 2021-11-25 09:04:25:234,Tashahud
 2021-11-25 09:04:25:334,Tashahud
 2021-11-25 09:04:25:434,Tashahud
 2021-11-25 09:04:25:533,Tashahud
 2021-11-25 09:04:25:632,Tashahud
 2021-11-25 09:04:25:731,Tashahud
 2021-11-25 09:04:25:832,Tashahud
 2021-11-25 09:04:25:930,Tashahud
 2021-11-25 09:04:26:030,Tashahud
 2021-11-25 09:04:26:129,Tashahud
 2021-11-25 09:04:26:229,Tashahud
 2021-11-25 09:04:26:328,Tashahud
 2021-11-25 09:04:26:428,Tashahud
 2021-11-25 09:04:26:527,Tashahud
 2021-11-25 09:04:26:627,Tashahud
 2021-11-25 09:04:26:726,Tashahud
 2021-11-25 09:04:26:826,Tashahud
 2021-11-25 09:04:26:926,Tashahud
 2021-11-25 09:04:27:025,Tashahud
 2021-11-25 09:04:27:124,Tashahud
 2021-11-25 09:04:27:224,Tashahud
 2021-11-25 09:04:27:322,Tashahud
 2021-11-25 09:04:27:421,Tashahud
 2021-11-25 09:04:27:521,Tashahud
 2021-11-25 09:04:27:621,Tashahud
 2021-11-25 09:04:27:721,Tashahud
 2021-11-25 09:04:27:819,Tashahud
 2021-11-25 09:04:27:920,Qayam
 2021-11-25 09:04:28:018,Qayam
 2021-11-25 09:04:28:118,Qayam
 2021-11-25 09:04:28:217,Qayam
 2021-11-25 09:04:28:316,Qayam
 2021-11-25 09:04:28:416,Qayam
 2021-11-25 09:04:28:515,Qayam
 2021-11-25 09:04:28:615,Qayam
 2021-11-25 09:04:28:715,Qayam
 2021-11-25 09:04:28:814,Qayam
 2021-11-25 09:04:28:914,Qayam
 2021-11-25 09:04:29:014,Qayam
 2021-11-25 09:04:29:113,Qayam
 2021-11-25 09:04:29:213,Qayam
 2021-11-25 09:04:29:314,Qayam
 2021-11-25 09:04:29:412,Qayam
 2021-11-25 09:04:29:511,Qayam
 2021-11-25 09:04:29:610,Qayam
 2021-11-25 09:04:29:709,Qayam
 2021-11-25 09:04:29:809,Qayam
 2021-11-25 09:04:29:909,Qayam
 2021-11-25 09:04:30:007,Qayam
 2021-11-25 09:04:30:107,Qayam
 2021-11-25 09:04:30:207,Qayam
 2021-11-25 09:04:30:306,Qayam
 2021-11-25 09:04:30:406,Qayam
 2021-11-25 09:04:30:505,Qayam
 2021-11-25 09:04:30:604,Qayam
 2021-11-25 09:04:30:704,Qayam
 2021-11-25 09:04:30:804,Qayam
 2021-11-25 09:04:30:903,Qayam
 2021-11-25 09:04:31:003,Qayam
 2021-11-25 09:04:31:103,Qayam
 2021-11-25 09:04:31:205,Qayam
 2021-11-25 09:04:31:301,Qayam
 2021-11-25 09:04:31:401,Qayam
 2021-11-25 09:04:31:501,Qayam
 2021-11-25 09:04:31:600,Qayam
 2021-11-25 09:04:31:700,Qayam
 2021-11-25 09:04:31:799,Qayam
 2021-11-25 09:04:31:898,Qayam
 2021-11-25 09:04:31:998,Qayam
 2021-11-25 09:04:32:097,Qayam
 2021-11-25 09:04:32:196,Qayam
 2021-11-25 09:04:32:295,Qayam
 2021-11-25 09:04:32:395,Qayam
 2021-11-25 09:04:32:494,Qayam
 2021-11-25 09:04:32:598,Qayam
 2021-11-25 09:04:32:697,Qayam
 2021-11-25 09:04:32:793,Qayam
 2021-11-25 09:04:32:892,Qayam
 2021-11-25 09:04:32:991,Qayam
 2021-11-25 09:04:33:091,Qayam
 2021-11-25 09:04:33:191,Qayam
 2021-11-25 09:04:33:290,Qayam
 2021-11-25 09:04:33:390,Qayam
 2021-11-25 09:04:33:490,Qayam
 2021-11-25 09:04:33:589,Qayam
 2021-11-25 09:04:33:704,Qayam
 2021-11-25 09:04:33:788,Qayam
 2021-11-25 09:04:33:888,Qayam
 2021-11-25 09:04:33:987,Qayam
 2021-11-25 09:04:34:087,Qayam
 2021-11-25 09:04:34:186,Qayam
 2021-11-25 09:04:34:285,Qayam
 2021-11-25 09:04:34:387,Qayam
 2021-11-25 09:04:34:483,Qayam
 2021-11-25 09:04:34:583,Qayam
 2021-11-25 09:04:34:712,Qayam
 2021-11-25 09:04:34:782,Qayam
 2021-11-25 09:04:34:882,Qayam
 2021-11-25 09:04:34:981,Qayam
 2021-11-25 09:04:35:080,Qayam
 2021-11-25 09:04:35:180,Qayam
 2021-11-25 09:04:35:279,Qayam
 2021-11-25 09:04:35:379,Qayam
 2021-11-25 09:04:35:478,Qayam
 2021-11-25 09:04:35:578,Qayam
 2021-11-25 09:04:35:683,Qayam
 2021-11-25 09:04:35:777,Qayam
 2021-11-25 09:04:35:877,Qayam
 2021-11-25 09:04:35:976,Qayam
 2021-11-25 09:04:36:076,Qayam
 2021-11-25 09:04:36:176,Qayam
 2021-11-25 09:04:36:275,Qayam
 2021-11-25 09:04:36:374,Qayam
 2021-11-25 09:04:36:474,Qayam
 2021-11-25 09:04:36:572,Ruku
 2021-11-25 09:04:36:688,Ruku
 2021-11-25 09:04:36:771,Ruku
 2021-11-25 09:04:36:870,Ruku
 2021-11-25 09:04:36:970,Ruku
 2021-11-25 09:04:37:069,Ruku
 2021-11-25 09:04:37:169,Ruku
 2021-11-25 09:04:37:270,Ruku
 2021-11-25 09:04:37:368,Ruku
 2021-11-25 09:04:37:467,Ruku
 2021-11-25 09:04:37:568,Ruku
 2021-11-25 09:04:37:690,Ruku
 2021-11-25 09:04:37:765,Ruku
 2021-11-25 09:04:37:864,Ruku
 2021-11-25 09:04:37:964,Ruku
 2021-11-25 09:04:38:064,Ruku
 2021-11-25 09:04:38:163,Ruku
 2021-11-25 09:04:38:263,Ruku
 2021-11-25 09:04:38:363,Ruku
 2021-11-25 09:04:38:462,Ruku
 2021-11-25 09:04:38:562,Ruku
 2021-11-25 09:04:38:661,Ruku
 2021-11-25 09:04:38:760,Ruku
 2021-11-25 09:04:38:859,Ruku
 2021-11-25 09:04:38:958,Ruku
 2021-11-25 09:04:38:958,Qoum
 2021-11-25 09:04:39:158,Qoum
 2021-11-25 09:04:39:257,Qoum
 2021-11-25 09:04:39:356,Qoum
 2021-11-25 09:04:39:457,Qoum
 2021-11-25 09:04:39:555,Qoum
 2021-11-25 09:04:39:655,Qoum
 2021-11-25 09:04:39:756,Qoum
 2021-11-25 09:04:39:854,Qoum
 2021-11-25 09:04:39:954,Qoum
 2021-11-25 09:04:40:054,Qoum
 2021-11-25 09:04:40:153,Qoum
 2021-11-25 09:04:40:253,Qoum
 2021-11-25 09:04:40:352,Qoum
 2021-11-25 09:04:40:452,Qoum
 2021-11-25 09:04:40:551,Qoum
 2021-11-25 09:04:40:653,Qoum
 2021-11-25 09:04:40:750,Qoum
 2021-11-25 09:04:40:850,Qoum
 2021-11-25 09:04:40:949,Qoum
 2021-11-25 09:04:41:048,Qoum
 2021-11-25 09:04:41:147,Qoum
 2021-11-25 09:04:41:247,Qoum
 2021-11-25 09:04:41:346,Qoum
 2021-11-25 09:04:41:446,Qoum
 2021-11-25 09:04:41:547,Qoum
 2021-11-25 09:04:41:644,Qoum
 2021-11-25 09:04:41:744,Qoum
 2021-11-25 09:04:41:843,Qoum
 2021-11-25 09:04:41:942,Qoum
 2021-11-25 09:04:42:042,Qoum
 2021-11-25 09:04:42:142,Qoum
 2021-11-25 09:04:42:241,Qoum
 2021-11-25 09:04:42:341,Qoum
 2021-11-25 09:04:42:441,Qoum
 2021-11-25 09:04:42:540,Qoum
 2021-11-25 09:04:42:540,Sajda
 2021-11-25 09:04:42:739,Sajda
 2021-11-25 09:04:42:839,Sajda
 2021-11-25 09:04:42:940,Sajda
 2021-11-25 09:04:43:038,Sajda
 2021-11-25 09:04:43:137,Sajda
 2021-11-25 09:04:43:236,Sajda
 2021-11-25 09:04:43:336,Sajda
 2021-11-25 09:04:43:435,Sajda
 2021-11-25 09:04:43:534,Sajda
 2021-11-25 09:04:43:634,Sajda
 2021-11-25 09:04:43:733,Sajda
 2021-11-25 09:04:43:832,Sajda
 2021-11-25 09:04:43:936,Sajda
 2021-11-25 09:04:44:032,Sajda
 2021-11-25 09:04:44:131,Sajda
 2021-11-25 09:04:44:231,Sajda
 2021-11-25 09:04:44:330,Sajda
 2021-11-25 09:04:44:429,Sajda
 2021-11-25 09:04:44:529,Sajda
 2021-11-25 09:04:44:628,Sajda
 2021-11-25 09:04:44:727,Sajda
 2021-11-25 09:04:44:828,Sajda
 2021-11-25 09:04:44:927,Sajda
 2021-11-25 09:04:45:030,Sajda
 2021-11-25 09:04:45:030,Jalsa
 2021-11-25 09:04:45:226,Jalsa
 2021-11-25 09:04:45:325,Jalsa
 2021-11-25 09:04:45:424,Jalsa
 2021-11-25 09:04:45:523,Jalsa
 2021-11-25 09:04:45:623,Jalsa
 2021-11-25 09:04:45:723,Jalsa
 2021-11-25 09:04:45:821,Jalsa
 2021-11-25 09:04:45:921,Jalsa
 2021-11-25 09:04:46:020,Jalsa
 2021-11-25 09:04:46:120,Jalsa
 2021-11-25 09:04:46:219,Jalsa
 2021-11-25 09:04:46:318,Jalsa
 2021-11-25 09:04:46:418,Jalsa
 2021-11-25 09:04:46:517,Jalsa
 2021-11-25 09:04:46:617,Jalsa
 2021-11-25 09:04:46:716,Jalsa
 2021-11-25 09:04:46:816,Jalsa
 2021-11-25 09:04:46:915,Jalsa
 2021-11-25 09:04:47:015,Jalsa
 2021-11-25 09:04:47:114,Jalsa
 2021-11-25 09:04:47:214,Jalsa
 2021-11-25 09:04:47:314,Jalsa
 2021-11-25 09:04:47:314,Sajda
 2021-11-25 09:04:47:513,Sajda
 2021-11-25 09:04:47:612,Sajda
 2021-11-25 09:04:47:713,Sajda
 2021-11-25 09:04:47:811,Sajda
 2021-11-25 09:04:47:910,Sajda
 2021-11-25 09:04:48:009,Sajda
 2021-11-25 09:04:48:114,Sajda
 2021-11-25 09:04:48:207,Sajda
 2021-11-25 09:04:48:309,Sajda
 2021-11-25 09:04:48:406,Sajda
 2021-11-25 09:04:48:506,Sajda
 2021-11-25 09:04:48:605,Sajda
 2021-11-25 09:04:48:705,Sajda
 2021-11-25 09:04:48:804,Sajda
 2021-11-25 09:04:48:904,Sajda
 2021-11-25 09:04:49:003,Sajda
 2021-11-25 09:04:49:102,Sajda
 2021-11-25 09:04:49:202,Sajda
 2021-11-25 09:04:49:302,Sajda
 2021-11-25 09:04:49:401,Sajda
 2021-11-25 09:04:49:501,Sajda
 2021-11-25 09:04:49:601,Sajda
 2021-11-25 09:04:49:700,Sajda
 2021-11-25 09:04:49:799,Sajda
 2021-11-25 09:04:49:899,Sajda
 2021-11-25 09:04:49:999,Sajda
 2021-11-25 09:04:50:098,Sajda
 2021-11-25 09:04:50:198,Sajda
 2021-11-25 09:04:50:296,Sajda
 2021-11-25 09:04:50:396,Sajda
 2021-11-25 09:04:50:495,Jalsa
 2021-11-25 09:04:50:595,Jalsa
 2021-11-25 09:04:50:694,Jalsa
 2021-11-25 09:04:50:794,Jalsa
 2021-11-25 09:04:50:893,Jalsa
 2021-11-25 09:04:50:992,Jalsa
 2021-11-25 09:04:51:092,Jalsa
 2021-11-25 09:04:51:191,Jalsa
 2021-11-25 09:04:51:291,Jalsa
 2021-11-25 09:04:51:391,Jalsa
 2021-11-25 09:04:51:490,Jalsa
 2021-11-25 09:04:51:590,Jalsa
 2021-11-25 09:04:51:690,Jalsa
 2021-11-25 09:04:51:789,Jalsa
 2021-11-25 09:04:51:888,Jalsa
 2021-11-25 09:04:51:994,Jalsa
 2021-11-25 09:04:52:101,Jalsa
 2021-11-25 09:04:52:187,Jalsa
 2021-11-25 09:04:52:286,Jalsa
 2021-11-25 09:04:52:385,Jalsa
 2021-11-25 09:04:52:485,Jalsa
 2021-11-25 09:04:52:584,Jalsa
 2021-11-25 09:04:52:688,Jalsa
 2021-11-25 09:04:52:783,Jalsa
 2021-11-25 09:04:52:882,Jalsa
 2021-11-25 09:04:52:981,Jalsa
 2021-11-25 09:04:53:082,Jalsa
 2021-11-25 09:04:53:181,Jalsa
 2021-11-25 09:04:53:279,Jalsa
 2021-11-25 09:04:53:380,Jalsa
 2021-11-25 09:04:53:479,Jalsa
 2021-11-25 09:04:53:579,Jalsa
 2021-11-25 09:04:53:685,Jalsa
 2021-11-25 09:04:53:778,Jalsa
 2021-11-25 09:04:53:877,Qayam
 2021-11-25 09:04:53:977,Qayam
 2021-11-25 09:04:54:077,Qayam
 2021-11-25 09:04:54:176,Qayam
 2021-11-25 09:04:54:275,Qayam
 2021-11-25 09:04:54:375,Qayam
 2021-11-25 09:04:54:474,Qayam
 2021-11-25 09:04:54:574,Qayam
 2021-11-25 09:04:54:685,Qayam
 2021-11-25 09:04:54:772,Qayam
 2021-11-25 09:04:54:872,Qayam
 2021-11-25 09:04:54:971,Qayam
 2021-11-25 09:04:55:070,Qayam
 2021-11-25 09:04:55:171,Qayam
 2021-11-25 09:04:55:274,Qayam
 2021-11-25 09:04:55:370,Qayam
 2021-11-25 09:04:55:468,Qayam
 2021-11-25 09:04:55:568,Qayam
 2021-11-25 09:04:55:687,Qayam
 2021-11-25 09:04:55:767,Qayam
 2021-11-25 09:04:55:867,Qayam
 2021-11-25 09:04:55:966,Qayam
 2021-11-25 09:04:56:066,Qayam
 2021-11-25 09:04:56:165,Qayam
 2021-11-25 09:04:56:264,Qayam
 2021-11-25 09:04:56:364,Qayam
 2021-11-25 09:04:56:464,Qayam
 2021-11-25 09:04:56:563,Qayam
 2021-11-25 09:04:56:684,Qayam
 2021-11-25 09:04:56:762,Qayam
 2021-11-25 09:04:56:861,Qayam
 2021-11-25 09:04:56:961,Qayam
 2021-11-25 09:04:57:061,Qayam
 2021-11-25 09:04:57:159,Qayam
 2021-11-25 09:04:57:259,Qayam
 2021-11-25 09:04:57:358,Qayam
 2021-11-25 09:04:57:457,Qayam
 2021-11-25 09:04:57:558,Qayam
 2021-11-25 09:04:57:657,Qayam
 2021-11-25 09:04:57:756,Qayam
 2021-11-25 09:04:57:855,Qayam
 2021-11-25 09:04:57:955,Qayam
 2021-11-25 09:04:58:055,Qayam
 2021-11-25 09:04:58:154,Qayam
 2021-11-25 09:04:58:254,Qayam
 2021-11-25 09:04:58:353,Qayam
 2021-11-25 09:04:58:452,Qayam
 2021-11-25 09:04:58:553,Qayam
 2021-11-25 09:04:58:651,Qayam
 2021-11-25 09:04:58:750,Qayam
 2021-11-25 09:04:58:850,Qayam
 2021-11-25 09:04:58:949,Qayam
 2021-11-25 09:04:59:050,Qayam
 2021-11-25 09:04:59:148,Qayam
 2021-11-25 09:04:59:248,Qayam
 2021-11-25 09:04:59:347,Qayam
 2021-11-25 09:04:59:447,Qayam
 2021-11-25 09:04:59:546,Qayam
 2021-11-25 09:04:59:645,Qayam
 2021-11-25 09:04:59:745,Qayam
 2021-11-25 09:04:59:844,Qayam
 2021-11-25 09:04:59:943,Qayam
 2021-11-25 09:05:00:043,Qayam
 2021-11-25 09:05:00:142,Qayam
 2021-11-25 09:05:00:242,Qayam
 2021-11-25 09:05:00:342,Qayam
 2021-11-25 09:05:00:442,Qayam
 2021-11-25 09:05:00:541,Qayam
 2021-11-25 09:05:00:641,Qayam
 2021-11-25 09:05:00:740,Qayam
 2021-11-25 09:05:00:839,Qayam
 2021-11-25 09:05:00:940,Qayam
 2021-11-25 09:05:01:039,Qayam
 2021-11-25 09:05:01:139,Qayam
 2021-11-25 09:05:01:238,Qayam
 2021-11-25 09:05:01:337,Qayam
 2021-11-25 09:05:01:436,Qayam
 2021-11-25 09:05:01:537,Qayam
 2021-11-25 09:05:01:635,Qayam
 2021-11-25 09:05:01:734,Qayam
 2021-11-25 09:05:01:834,Qayam
 2021-11-25 09:05:01:933,Qayam
 2021-11-25 09:05:02:033,Qayam
 2021-11-25 09:05:02:133,Qayam
 2021-11-25 09:05:02:231,Qayam
 2021-11-25 09:05:02:331,Ruku
 2021-11-25 09:05:02:432,Ruku
 2021-11-25 09:05:02:534,Ruku
 2021-11-25 09:05:02:630,Ruku
 2021-11-25 09:05:02:729,Ruku
 2021-11-25 09:05:02:828,Ruku
 2021-11-25 09:05:02:928,Ruku
 2021-11-25 09:05:03:028,Ruku
 2021-11-25 09:05:03:127,Ruku
 2021-11-25 09:05:03:227,Ruku
 2021-11-25 09:05:03:328,Ruku
 2021-11-25 09:05:03:426,Ruku
 2021-11-25 09:05:03:525,Ruku
 2021-11-25 09:05:03:626,Ruku
 2021-11-25 09:05:03:723,Ruku
 2021-11-25 09:05:03:823,Ruku
 2021-11-25 09:05:03:923,Ruku
 2021-11-25 09:05:04:022,Ruku
 2021-11-25 09:05:04:121,Ruku
 2021-11-25 09:05:04:221,Ruku
 2021-11-25 09:05:04:319,Ruku
 2021-11-25 09:05:04:419,Ruku
 2021-11-25 09:05:04:520,Ruku
 2021-11-25 09:05:04:618,Ruku
 2021-11-25 09:05:04:718,Ruku
 2021-11-25 09:05:04:817,Ruku
 2021-11-25 09:05:04:917,Ruku
 2021-11-25 09:05:05:016,Ruku
 2021-11-25 09:05:05:116,Ruku
 2021-11-25 09:05:05:116,Qoum
 2021-11-25 09:05:05:315,Qoum
 2021-11-25 09:05:05:415,Qoum
 2021-11-25 09:05:05:517,Qoum
 2021-11-25 09:05:05:615,Qoum
 2021-11-25 09:05:05:713,Qoum
 2021-11-25 09:05:05:813,Qoum
 2021-11-25 09:05:05:912,Qoum
 2021-11-25 09:05:06:012,Qoum
 2021-11-25 09:05:06:111,Qoum
 2021-11-25 09:05:06:210,Qoum
 2021-11-25 09:05:06:309,Qoum
 2021-11-25 09:05:06:409,Qoum
 2021-11-25 09:05:06:508,Qoum
 2021-11-25 09:05:06:612,Qoum
 2021-11-25 09:05:06:707,Qoum
 2021-11-25 09:05:06:806,Qoum
 2021-11-25 09:05:06:906,Qoum
 2021-11-25 09:05:07:005,Qoum
 2021-11-25 09:05:07:105,Qoum
 2021-11-25 09:05:07:205,Qoum
 2021-11-25 09:05:07:304,Qoum
 2021-11-25 09:05:07:409,Qoum
 2021-11-25 09:05:07:554,Qoum
 2021-11-25 09:05:07:646,Qoum
 2021-11-25 09:05:07:708,Qoum
 2021-11-25 09:05:07:801,Qoum
 2021-11-25 09:05:07:901,Qoum
 2021-11-25 09:05:08:001,Qoum
 2021-11-25 09:05:08:100,Qoum
 2021-11-25 09:05:08:198,Qoum
 2021-11-25 09:05:08:298,Qoum
 2021-11-25 09:05:08:398,Qoum
 2021-11-25 09:05:08:497,Qoum
 2021-11-25 09:05:08:596,Qoum
 2021-11-25 09:05:08:695,Qoum
 2021-11-25 09:05:08:794,Qoum
 2021-11-25 09:05:08:894,Qoum
 2021-11-25 09:05:08:993,Qoum
 2021-11-25 09:05:09:093,Qoum
 2021-11-25 09:05:09:194,Qoum
 2021-11-25 09:05:09:293,Sajda
 2021-11-25 09:05:09:391,Sajda
 2021-11-25 09:05:09:491,Sajda
 2021-11-25 09:05:09:591,Sajda
 2021-11-25 09:05:09:690,Sajda
 2021-11-25 09:05:09:790,Sajda
 2021-11-25 09:05:09:890,Sajda
 2021-11-25 09:05:09:989,Sajda
 2021-11-25 09:05:10:088,Sajda
 2021-11-25 09:05:10:188,Sajda
 2021-11-25 09:05:10:287,Sajda
 2021-11-25 09:05:10:386,Sajda
 2021-11-25 09:05:10:486,Sajda
 2021-11-25 09:05:10:585,Sajda
 2021-11-25 09:05:10:684,Sajda
 2021-11-25 09:05:10:784,Sajda
 2021-11-25 09:05:10:883,Sajda
 2021-11-25 09:05:10:982,Sajda
 2021-11-25 09:05:11:082,Sajda
 2021-11-25 09:05:11:182,Sajda
 2021-11-25 09:05:11:282,Sajda
 2021-11-25 09:05:11:381,Sajda
 2021-11-25 09:05:11:480,Sajda
 2021-11-25 09:05:11:580,Sajda
 2021-11-25 09:05:11:686,Sajda
 2021-11-25 09:05:11:779,Sajda
 2021-11-25 09:05:11:878,Sajda
 2021-11-25 09:05:11:978,Sajda
 2021-11-25 09:05:12:078,Sajda
 2021-11-25 09:05:12:177,Sajda
 2021-11-25 09:05:12:279,Sajda
 2021-11-25 09:05:12:376,Sajda
 2021-11-25 09:05:12:483,Sajda
 2021-11-25 09:05:12:575,Sajda
 2021-11-25 09:05:12:688,Sajda
 2021-11-25 09:05:12:688,Jalsa
 2021-11-25 09:05:12:874,Jalsa
 2021-11-25 09:05:12:972,Jalsa
 2021-11-25 09:05:13:072,Jalsa
 2021-11-25 09:05:13:171,Jalsa
 2021-11-25 09:05:13:270,Jalsa
 2021-11-25 09:05:13:370,Jalsa
 2021-11-25 09:05:13:470,Jalsa
 2021-11-25 09:05:13:569,Jalsa
 2021-11-25 09:05:13:697,Jalsa
 2021-11-25 09:05:13:768,Jalsa
 2021-11-25 09:05:13:867,Jalsa
 2021-11-25 09:05:13:967,Jalsa
 2021-11-25 09:05:14:067,Jalsa
 2021-11-25 09:05:14:166,Jalsa
 2021-11-25 09:05:14:266,Jalsa
 2021-11-25 09:05:14:365,Sajda
 2021-11-25 09:05:14:465,Sajda
 2021-11-25 09:05:14:564,Sajda
 2021-11-25 09:05:14:697,Sajda
 2021-11-25 09:05:14:763,Sajda
 2021-11-25 09:05:14:862,Sajda
 2021-11-25 09:05:14:962,Sajda
 2021-11-25 09:05:15:061,Sajda
 2021-11-25 09:05:15:162,Sajda
 2021-11-25 09:05:15:260,Sajda
 2021-11-25 09:05:15:359,Sajda
 2021-11-25 09:05:15:459,Sajda
 2021-11-25 09:05:15:558,Sajda
 2021-11-25 09:05:15:657,Sajda
 2021-11-25 09:05:15:757,Sajda
 2021-11-25 09:05:15:857,Sajda
 2021-11-25 09:05:15:956,Sajda
 2021-11-25 09:05:16:055,Sajda
 2021-11-25 09:05:16:155,Sajda
 2021-11-25 09:05:16:256,Sajda
 2021-11-25 09:05:16:355,Sajda
 2021-11-25 09:05:16:454,Sajda
 2021-11-25 09:05:16:553,Sajda
 2021-11-25 09:05:16:653,Sajda
 2021-11-25 09:05:16:753,Sajda
 2021-11-25 09:05:16:852,Sajda
 2021-11-25 09:05:16:951,Sajda
 2021-11-25 09:05:17:051,Sajda
 2021-11-25 09:05:17:150,Sajda
 2021-11-25 09:05:17:249,Sajda
 2021-11-25 09:05:17:349,Sajda
 2021-11-25 09:05:17:448,Sajda
 2021-11-25 09:05:17:448,Tashahud
 2021-11-25 09:05:17:647,Tashahud
 2021-11-25 09:05:17:746,Tashahud
 2021-11-25 09:05:17:845,Tashahud
 2021-11-25 09:05:17:950,Tashahud
 2021-11-25 09:05:18:045,Tashahud
 2021-11-25 09:05:18:144,Tashahud
 2021-11-25 09:05:18:244,Tashahud
 2021-11-25 09:05:18:343,Tashahud
 2021-11-25 09:05:18:442,Tashahud
 2021-11-25 09:05:18:542,Tashahud
 2021-11-25 09:05:18:642,Tashahud
 2021-11-25 09:05:18:741,Tashahud
 2021-11-25 09:05:18:841,Tashahud
 2021-11-25 09:05:18:941,Tashahud
 2021-11-25 09:05:19:040,Tashahud
 2021-11-25 09:05:19:140,Tashahud
 2021-11-25 09:05:19:240,Tashahud
 2021-11-25 09:05:19:339,Tashahud
 2021-11-25 09:05:19:438,Tashahud
 2021-11-25 09:05:19:537,Tashahud
 2021-11-25 09:05:19:636,Tashahud
 2021-11-25 09:05:19:735,Tashahud
 2021-11-25 09:05:19:835,Tashahud
 2021-11-25 09:05:19:934,Tashahud
 2021-11-25 09:05:20:034,Tashahud
 2021-11-25 09:05:20:133,Tashahud
 2021-11-25 09:05:20:233,Tashahud
 2021-11-25 09:05:20:332,Tashahud
 2021-11-25 09:05:20:431,Tashahud
 2021-11-25 09:05:20:531,Tashahud
 2021-11-25 09:05:20:630,Tashahud
 2021-11-25 09:05:20:730,Tashahud
 2021-11-25 09:05:20:829,Tashahud
 2021-11-25 09:05:20:930,Tashahud
 2021-11-25 09:05:21:029,Tashahud
 2021-11-25 09:05:21:128,Tashahud
 2021-11-25 09:05:21:228,Tashahud
 2021-11-25 09:05:21:328,Tashahud
 2021-11-25 09:05:21:428,Tashahud
 2021-11-25 09:05:21:528,Tashahud
 2021-11-25 09:05:21:626,Tashahud
 2021-11-25 09:05:21:726,Tashahud
 2021-11-25 09:05:21:825,Tashahud
 2021-11-25 09:05:21:925,Tashahud
 2021-11-25 09:05:22:024,Tashahud
 2021-11-25 09:05:22:123,Tashahud
 2021-11-25 09:05:22:222,Tashahud
 2021-11-25 09:05:22:322,Tashahud
 2021-11-25 09:05:22:421,Tashahud
 2021-11-25 09:05:22:521,Tashahud
 2021-11-25 09:05:22:620,Tashahud
 2021-11-25 09:05:22:719,Tashahud
 2021-11-25 09:05:22:820,Tashahud
 2021-11-25 09:05:22:919,Tashahud
 2021-11-25 09:05:23:021,Tashahud
 2021-11-25 09:05:23:118,Tashahud
 2021-11-25 09:05:23:218,Tashahud
 2021-11-25 09:05:23:317,Tashahud
 2021-11-25 09:05:23:417,Tashahud
 2021-11-25 09:05:23:516,Tashahud
 2021-11-25 09:05:23:616,Tashahud
 2021-11-25 09:05:23:715,Tashahud
 2021-11-25 09:05:23:814,Tashahud
 2021-11-25 09:05:23:914,Tashahud
 2021-11-25 09:05:24:013,Tashahud
 2021-11-25 09:05:24:112,Tashahud
 2021-11-25 09:05:24:212,Tashahud
 2021-11-25 09:05:24:311,Tashahud
 2021-11-25 09:05:24:410,Tashahud
 2021-11-25 09:05:24:510,Tashahud
 2021-11-25 09:05:24:609,Tashahud
 2021-11-25 09:05:24:712,Tashahud
 2021-11-25 09:05:24:809,Tashahud
 2021-11-25 09:05:24:907,Tashahud
 2021-11-25 09:05:25:007,Tashahud
 2021-11-25 09:05:25:107,Tashahud
 2021-11-25 09:05:25:206,Tashahud
 2021-11-25 09:05:25:305,Tashahud
 2021-11-25 09:05:25:405,Tashahud
 2021-11-25 09:05:25:505,Tashahud
 2021-11-25 09:05:25:604,Tashahud
 2021-11-25 09:05:25:704,Tashahud
 2021-11-25 09:05:25:802,Tashahud
 2021-11-25 09:05:25:903,Tashahud
 2021-11-25 09:05:26:004,Tashahud
 2021-11-25 09:05:26:101,Tashahud
 2021-11-25 09:05:26:201,Tashahud
 2021-11-25 09:05:26:303,Tashahud
 2021-11-25 09:05:26:399,Tashahud
 2021-11-25 09:05:26:499,Tashahud
 2021-11-25 09:05:26:600,Tashahud
 2021-11-25 09:05:26:700,Tashahud
 2021-11-25 09:05:26:797,Tashahud
 2021-11-25 09:05:26:897,Tashahud
 2021-11-25 09:05:26:996,Tashahud
 2021-11-25 09:05:27:096,Tashahud
 2021-11-25 09:05:27:195,Tashahud
 2021-11-25 09:05:27:294,Tashahud
 2021-11-25 09:05:27:394,Tashahud
 2021-11-25 09:05:27:494,Tashahud
 2021-11-25 09:05:27:593,Tashahud
 2021-11-25 09:05:27:692,Tashahud
 2021-11-25 09:05:27:792,Tashahud
 2021-11-25 09:05:27:892,Tashahud
 2021-11-25 09:05:27:991,Tashahud
 2021-11-25 09:05:28:091,Tashahud
 2021-11-25 09:05:28:190,Tashahud
 2021-11-25 09:05:28:290,Tashahud
 2021-11-25 09:05:28:389,Tashahud
 2021-11-25 09:05:28:488,Tashahud
 2021-11-25 09:05:28:587,Tashahud
 2021-11-25 09:05:28:687,Tashahud
 2021-11-25 09:05:28:786,Tashahud
 2021-11-25 09:05:28:886,Tashahud
 2021-11-25 09:05:28:985,Tashahud
 2021-11-25 09:05:29:084,Tashahud
 2021-11-25 09:05:29:183,Tashahud
 2021-11-25 09:05:29:287,Tashahud
 2021-11-25 09:05:29:383,Tashahud
 2021-11-25 09:05:29:482,Tashahud
 2021-11-25 09:05:29:581,Tashahud
 2021-11-25 09:05:29:689,Tashahud
 2021-11-25 09:05:29:780,Tashahud
 2021-11-25 09:05:29:880,Tashahud
 2021-11-25 09:05:29:984,Tashahud
 2021-11-25 09:05:30:078,Tashahud
 2021-11-25 09:05:30:178,Tashahud
 2021-11-25 09:05:30:278,Tashahud
 2021-11-25 09:05:30:377,Tashahud
 2021-11-25 09:05:30:477,Tashahud
 2021-11-25 09:05:30:576,Tashahud
 2021-11-25 09:05:30:692,Tashahud
 2021-11-25 09:05:30:775,Tashahud
 2021-11-25 09:05:30:874,Tashahud
 2021-11-25 09:05:30:974,Tashahud
 2021-11-25 09:05:31:074,Tashahud
 2021-11-25 09:05:31:172,Tashahud
 2021-11-25 09:05:31:272,Tashahud
 2021-11-25 09:05:31:372,Tashahud
 2021-11-25 09:05:31:471,Tashahud
 2021-11-25 09:05:31:571,Tashahud
 2021-11-25 09:05:31:686,Tashahud
 2021-11-25 09:05:31:770,Tashahud
 2021-11-25 09:05:31:869,Tashahud
 2021-11-25 09:05:31:969,Tashahud
 2021-11-25 09:05:32:068,Tashahud
 2021-11-25 09:05:32:167,Tashahud
 2021-11-25 09:05:32:267,Tashahud
 2021-11-25 09:05:32:367,Tashahud
 2021-11-25 09:05:32:466,Tashahud
 2021-11-25 09:05:32:566,Tashahud
 2021-11-25 09:05:32:693,Tashahud
 2021-11-25 09:05:32:765,Tashahud
 2021-11-25 09:05:32:865,Tashahud
 2021-11-25 09:05:32:964,Tashahud
 2021-11-25 09:05:33:063,Tashahud
 2021-11-25 09:05:33:163,Tashahud
 2021-11-25 09:05:33:262,Tashahud
 2021-11-25 09:05:33:363,Tashahud
 2021-11-25 09:05:33:461,Tashahud
 2021-11-25 09:05:33:561,Tashahud
 2021-11-25 09:05:33:699,Tashahud
 2021-11-25 09:05:33:759,Tashahud
 2021-11-25 09:05:33:859,Tashahud
 2021-11-25 09:05:33:958,Tashahud
 2021-11-25 09:05:34:058,Tashahud
 2021-11-25 09:05:34:158,Tashahud
 2021-11-25 09:05:34:256,Tashahud
 2021-11-25 09:05:34:356,Tashahud
 2021-11-25 09:05:34:455,Tashahud
 2021-11-25 09:05:34:555,Tashahud
 2021-11-25 09:05:34:655,Tashahud
 2021-11-25 09:05:34:754,Tashahud
 2021-11-25 09:05:34:854,Tashahud
 2021-11-25 09:05:34:954,Tashahud
 2021-11-25 09:05:35:053,Tashahud
 2021-11-25 09:05:35:153,Tashahud
 2021-11-25 09:05:35:252,Tashahud
 2021-11-25 09:05:35:351,Tashahud
 2021-11-25 09:05:35:451,Tashahud
 2021-11-25 09:05:35:550,Tashahud
 2021-11-25 09:05:35:649,Tashahud
 2021-11-25 09:05:35:749,Tashahud
 2021-11-25 09:05:35:849,Tashahud
 2021-11-25 09:05:35:947,Tashahud
 2021-11-25 09:05:36:048,Tashahud
 2021-11-25 09:05:36:147,Tashahud
 2021-11-25 09:05:36:246,Tashahud
 2021-11-25 09:05:36:346,Tashahud
 2021-11-25 09:05:36:446,Tashahud
 2021-11-25 09:05:36:545,Tashahud
 2021-11-25 09:05:36:644,Tashahud
 2021-11-25 09:05:36:744,Tashahud
 2021-11-25 09:05:36:844,Tashahud
 2021-11-25 09:05:36:943,Tashahud
 2021-11-25 09:05:37:043,Tashahud
 2021-11-25 09:05:37:146,Tashahud
 2021-11-25 09:05:37:241,Tashahud
 2021-11-25 09:05:37:344,Tashahud
 2021-11-25 09:05:37:441,Tashahud
 2021-11-25 09:05:37:540,Tashahud
 2021-11-25 09:05:37:641,Tashahud
 2021-11-25 09:05:37:739,Tashahud
 2021-11-25 09:05:37:838,Tashahud
 2021-11-25 09:05:37:938,Tashahud
 2021-11-25 09:05:38:037,Tashahud
 2021-11-25 09:05:38:136,Tashahud
 2021-11-25 09:05:38:236,Tashahud
 2021-11-25 09:05:38:335,Tashahud
 2021-11-25 09:05:38:435,Tashahud
 2021-11-25 09:05:38:535,Tashahud
 2021-11-25 09:05:38:634,Tashahud
 2021-11-25 09:05:38:734,Tashahud
 2021-11-25 09:05:38:834,Tashahud
 2021-11-25 09:05:38:932,Tashahud
 2021-11-25 09:05:39:032,Tashahud
 2021-11-25 09:05:39:132,Tashahud
 2021-11-25 09:05:39:231,Tashahud
 2021-11-25 09:05:39:331,Tashahud
 2021-11-25 09:05:39:431,Tashahud
 2021-11-25 09:05:39:530,Tashahud
 2021-11-25 09:05:39:629,Tashahud
 2021-11-25 09:05:39:731,Tashahud
 2021-11-25 09:05:39:829,Tashahud
 2021-11-25 09:05:39:928,Tashahud
 2021-11-25 09:05:40:027,Tashahud
 2021-11-25 09:05:40:126,Tashahud
 2021-11-25 09:05:40:227,Tashahud
 2021-11-25 09:05:40:326,Tashahud
 2021-11-25 09:05:40:426,Tashahud
 2021-11-25 09:05:40:523,Tashahud
 2021-11-25 09:05:40:629,Tashahud
 2021-11-25 09:05:40:723,Tashahud
 2021-11-25 09:05:40:822,Tashahud
 2021-11-25 09:05:40:922,Tashahud
 2021-11-25 09:05:41:022,Tashahud
 2021-11-25 09:05:41:122,Tashahud
 2021-11-25 09:05:41:222,Tashahud
 2021-11-25 09:05:41:321,Tashahud
 2021-11-25 09:05:41:421,Tashahud
 2021-11-25 09:05:41:521,Tashahud
 2021-11-25 09:05:41:620,Tashahud
 2021-11-25 09:05:41:719,Tashahud
 2021-11-25 09:05:41:819,Tashahud
 2021-11-25 09:05:41:919,Tashahud
 2021-11-25 09:05:42:018,Tashahud
 2021-11-25 09:05:42:118,Tashahud
 2021-11-25 09:05:42:217,Tashahud
 2021-11-25 09:05:42:316,Tashahud
 2021-11-25 09:05:42:416,Tashahud
 2021-11-25 09:05:42:515,Tashahud
 2021-11-25 09:05:42:614,Tashahud
 2021-11-25 09:05:42:714,Tashahud
 2021-11-25 09:05:42:813,Tashahud
 2021-11-25 09:05:42:913,Tashahud
 2021-11-25 09:05:43:012,Tashahud
 2021-11-25 09:05:43:111,Tashahud
 2021-11-25 09:05:43:211,Tashahud
 2021-11-25 09:05:43:311,Tashahud
 2021-11-25 09:05:43:410,Tashahud
 2021-11-25 09:05:43:583,Tashahud
 2021-11-25 09:05:43:612,Tashahud
 2021-11-25 09:05:43:707,Tashahud
 2021-11-25 09:05:43:807,Tashahud
 2021-11-25 09:05:43:908,Tashahud
 2021-11-25 09:05:44:006,Tashahud
 2021-11-25 09:05:44:118,Tashahud
 2021-11-25 09:05:44:208,Tashahud
 2021-11-25 09:05:44:306,Tashahud
 2021-11-25 09:05:44:404,Tashahud
 2021-11-25 09:05:44:510,Tashahud
 2021-11-25 09:05:44:602,Tashahud
 2021-11-25 09:05:44:703,Tashahud
 2021-11-25 09:05:44:803,Tashahud
 2021-11-25 09:05:44:900,Tashahud
 2021-11-25 09:05:45:001,Tashahud
 2021-11-25 09:05:45:119,Tashahud
 2021-11-25 09:05:45:199,Tashahud
 2021-11-25 09:05:45:300,Tashahud
 2021-11-25 09:05:45:398,Tashahud
 2021-11-25 09:05:45:496,Tashahud
 2021-11-25 09:05:45:596,Tashahud
 2021-11-25 09:05:45:696,Tashahud
 2021-11-25 09:05:45:796,Tashahud
 2021-11-25 09:05:45:895,Tashahud
 2021-11-25 09:05:46:003,Tashahud
 2021-11-25 09:05:46:093,Tashahud
 2021-11-25 09:05:46:193,Tashahud
 2021-11-25 09:05:46:293,Tashahud
 2021-11-25 09:05:46:393,Tashahud
 2021-11-25 09:05:46:493,Tashahud
 2021-11-25 09:05:46:593,Tashahud
 2021-11-25 09:05:46:691,Tashahud
 2021-11-25 09:05:46:790,Tashahud
 2021-11-25 09:05:46:890,Tashahud
 2021-11-25 09:05:46:989,Tashahud
 2021-11-25 09:05:47:089,Tashahud
 2021-11-25 09:05:47:190,Tashahud
 2021-11-25 09:05:47:288,Tashahud
 2021-11-25 09:05:47:387,Tashahud
 2021-11-25 09:05:47:498,Tashahud
 2021-11-25 09:05:47:588,Tashahud
 2021-11-25 09:05:47:684,Tashahud
 2021-11-25 09:05:47:785,Tashahud
 2021-11-25 09:05:47:884,Tashahud
 2021-11-25 09:05:47:984,Tashahud
 2021-11-25 09:05:48:083,Tashahud
 2021-11-25 09:05:48:192,Tashahud
